,LotFrontage,MasVnrArea,BsmtFinSF1,TotalBsmtSF,1stFlrSF,2ndFlrSF,GrLivArea,FullBath,TotRmsAbvGrd,Fireplaces,GarageCars,GarageArea,WoodDeckSF,OpenPorchSF,SalePrice,YearsSinceBuilt,YearsSinceRemodeling,YearsSincegarageBuilt
0,65.0,196.0,706,856,856,854,1710,2,8,0,2,548,0,61,208500,22,22,22.0
1,80.0,0.0,978,1262,1262,0,1262,2,6,1,2,460,298,0,181500,49,49,49.0
2,68.0,162.0,486,920,920,866,1786,2,6,1,2,608,0,42,223500,24,23,24.0
3,60.0,0.0,216,756,961,756,1717,1,7,1,3,642,0,35,140000,110,55,27.0
4,84.0,350.0,655,1145,1145,1053,2198,2,9,1,3,836,192,84,250000,25,25,25.0
5,85.0,0.0,732,796,796,566,1362,1,5,0,2,480,40,30,143000,32,30,32.0
6,75.0,186.0,1369,1686,1694,0,1694,2,7,1,2,636,255,57,307000,21,20,21.0
8,51.0,0.0,0,952,1022,752,1774,2,8,2,2,468,90,0,129900,94,75,94.0
9,50.0,0.0,851,991,1077,0,1077,1,5,2,1,205,0,4,118000,86,75,86.0
10,70.0,0.0,906,1040,1040,0,1040,1,5,0,1,384,0,0,129500,60,60,60.0
11,85.0,286.0,998,1175,1182,1142,2324,3,11,2,3,736,147,21,345000,20,19,20.0
13,91.0,306.0,0,1494,1494,0,1494,2,7,1,3,840,160,33,279500,19,18,19.0
15,51.0,0.0,0,832,854,0,854,1,5,0,2,576,48,112,132000,96,24,34.0
17,72.0,0.0,0,0,1296,0,1296,2,6,0,2,516,0,0,90000,58,58,58.0
18,66.0,0.0,646,1114,1114,0,1114,1,6,0,2,576,0,102,159000,21,21,21.0
19,70.0,0.0,504,1029,1339,0,1339,1,6,0,1,294,0,0,139000,67,60,67.0
20,101.0,380.0,0,1158,1158,1218,2376,3,9,1,3,853,240,154,325300,20,19,20.0
21,57.0,0.0,0,637,1108,0,1108,1,6,1,1,280,0,0,139400,95,75,95.0
22,75.0,281.0,0,1777,1795,0,1795,2,7,1,2,534,171,159,230000,23,23,23.0
23,44.0,0.0,840,1040,1060,0,1060,1,6,1,2,572,100,110,129900,49,49,49.0
25,110.0,640.0,0,1566,1600,0,1600,2,7,1,3,890,0,56,256300,18,18,18.0
26,60.0,0.0,234,900,900,0,900,1,5,0,2,576,222,32,134800,74,25,20.0
27,98.0,200.0,1218,1704,1704,0,1704,2,7,1,3,772,0,50,306000,18,17,17.0
28,47.0,0.0,1277,1484,1600,0,1600,1,6,2,1,319,288,258,207500,68,28,68.0
29,60.0,0.0,0,520,520,0,520,1,4,0,1,240,49,0,68500,98,75,105.0
30,50.0,0.0,0,649,649,668,1317,1,6,0,1,250,0,54,40000,105,75,105.0
32,85.0,0.0,0,1234,1234,0,1234,2,7,0,2,484,0,30,179900,18,18,18.0
33,70.0,0.0,1018,1398,1700,0,1700,1,6,1,2,447,0,38,165500,66,66,66.0
34,60.0,246.0,1153,1561,1561,0,1561,2,6,1,2,556,203,47,277500,20,20,20.0
35,108.0,132.0,0,1117,1132,1320,2452,3,9,1,3,691,113,32,309000,21,20,21.0
36,112.0,0.0,0,1097,1097,0,1097,1,6,0,2,672,392,64,145000,31,30,30.0
37,74.0,650.0,1213,1297,1297,0,1297,1,5,1,2,498,0,0,153000,71,35,71.0
38,68.0,0.0,731,1057,1057,0,1057,1,5,0,1,246,0,52,109000,72,18,72.0
40,84.0,101.0,643,1088,1324,0,1324,2,6,1,2,440,0,138,160000,60,60,60.0
41,115.0,0.0,967,1350,1328,0,1328,1,5,2,1,308,0,104,170000,66,66,66.0
44,70.0,0.0,179,1150,1150,0,1150,1,6,0,1,300,0,0,141000,66,66,66.0
45,61.0,412.0,456,1752,1752,0,1752,2,6,1,2,576,196,82,319900,20,20,20.0
46,48.0,0.0,1351,1434,1518,631,2149,1,6,1,2,670,168,43,239686,22,22,22.0
47,84.0,0.0,24,1656,1656,0,1656,2,7,0,3,826,0,146,249700,19,19,19.0
49,66.0,0.0,763,955,955,0,955,1,6,0,1,386,0,0,127000,59,59,59.0
51,52.0,0.0,0,816,816,0,1176,1,6,1,2,528,112,0,114500,91,75,40.0
52,110.0,0.0,104,816,816,0,816,1,5,0,2,516,106,0,110000,62,62,62.0
53,68.0,0.0,1810,1842,1842,0,1842,0,5,1,3,894,857,72,385000,44,38,44.0
54,60.0,0.0,384,384,1360,0,1360,1,6,1,2,572,0,50,130000,70,70,63.0
55,100.0,272.0,490,1425,1425,0,1425,2,7,1,2,576,0,0,180500,61,61,61.0
56,24.0,456.0,649,970,983,756,1739,2,7,0,2,480,115,0,172500,26,25,26.0
57,89.0,0.0,0,860,860,860,1720,2,7,0,2,565,0,70,196500,21,21,21.0
58,66.0,1031.0,0,1410,1426,1519,2945,3,10,1,3,641,192,0,438780,19,19,19.0
59,60.0,0.0,632,780,780,0,780,1,4,0,1,352,196,0,124900,53,53,52.0
60,63.0,0.0,941,1158,1158,0,1158,1,5,0,2,576,0,50,158000,21,21,19.0
61,60.0,0.0,0,530,581,530,1111,1,6,0,1,288,0,0,101000,105,29,90.0
62,44.0,178.0,24,1370,1370,0,1370,2,6,1,2,484,120,49,202500,19,19,19.0
63,50.0,0.0,0,576,902,808,1710,2,9,0,2,480,12,11,140000,104,75,35.0
65,76.0,344.0,0,1143,1143,1330,2473,2,9,1,3,852,192,151,317000,21,20,21.0
67,72.0,167.0,1013,1453,1479,0,1479,2,7,0,2,558,144,29,226000,22,22,22.0
68,47.0,0.0,0,747,747,0,747,1,4,0,1,220,0,0,80000,80,75,80.0
69,81.0,0.0,603,1304,1304,983,2287,2,7,1,2,667,0,21,225000,72,72,72.0
70,95.0,1115.0,1880,2223,2223,0,2223,2,8,2,2,516,300,0,244000,52,52,52.0
71,69.0,0.0,565,845,845,0,845,1,4,0,2,360,0,0,129500,43,19,38.0
72,74.0,40.0,0,832,885,833,1718,2,7,1,2,427,0,94,185000,27,27,27.0
73,85.0,104.0,320,1086,1086,0,1086,1,6,0,2,490,0,0,144900,71,22,36.0
74,60.0,0.0,0,840,840,765,1605,2,8,0,1,379,0,0,107400,110,75,110.0
75,21.0,0.0,462,462,526,462,988,1,5,0,1,297,120,101,91000,52,52,52.0
77,50.0,0.0,336,672,1072,213,1285,1,6,0,1,240,0,0,127000,77,24,77.0
79,60.0,0.0,0,440,682,548,1230,1,5,0,2,440,74,0,110000,115,44,59.0
80,100.0,576.0,448,896,1182,960,2142,2,8,1,1,509,0,72,193500,57,57,57.0
81,32.0,443.0,1201,1237,1337,0,1337,2,5,0,2,405,0,199,153500,27,27,27.0
82,78.0,468.0,33,1563,1563,0,1563,2,6,1,3,758,144,99,245000,18,18,18.0
83,80.0,66.0,0,1065,1065,0,1065,1,6,0,2,461,74,0,126500,65,65,51.0
85,121.0,284.0,0,1288,1301,1116,2417,2,9,1,2,462,127,82,260000,34,33,34.0
86,122.0,0.0,0,684,684,876,1560,2,6,1,2,400,100,38,174000,20,20,20.0
87,40.0,76.0,0,612,612,612,1224,2,4,0,2,528,0,234,164500,16,16,16.0
90,60.0,0.0,0,0,1040,0,1040,1,4,0,2,420,0,29,109900,75,75,75.0
91,85.0,203.0,600,1235,1235,0,1235,1,6,0,2,480,0,0,98600,64,64,64.0
92,80.0,0.0,713,876,964,0,964,1,5,0,2,432,0,0,163500,104,19,104.0
93,60.0,0.0,1046,1214,1260,1031,2291,2,9,1,2,506,0,0,133900,115,27,125.0
94,69.0,0.0,648,824,905,881,1786,2,7,0,2,684,0,162,204750,28,28,28.0
96,78.0,183.0,1162,1588,1588,0,1588,2,6,0,2,472,158,29,214000,26,26,26.0
97,73.0,48.0,520,960,960,0,960,1,6,0,1,432,120,0,94750,60,60,60.0
98,85.0,0.0,108,458,835,0,835,1,5,0,1,366,0,0,83000,105,75,105.0
101,77.0,336.0,0,741,977,755,1732,2,7,1,2,476,192,46,178000,40,40,40.0
102,64.0,0.0,0,0,1535,0,1535,2,8,0,2,410,0,0,118964,46,46,46.0
103,94.0,0.0,0,1226,1226,0,1226,2,6,0,3,740,0,36,198900,16,16,16.0
105,75.0,768.0,0,1053,1053,939,1992,2,9,1,2,648,140,45,250000,22,21,22.0
106,60.0,0.0,0,641,1047,0,1047,1,6,0,1,273,0,0,100000,140,30,71.0
107,50.0,0.0,104,789,789,0,789,1,5,0,1,250,0,0,115000,77,75,77.0
109,105.0,480.0,705,1844,1844,0,1844,2,7,1,2,546,0,122,190000,48,48,48.0
110,75.0,0.0,444,994,1216,639,1855,2,7,0,1,325,182,0,136900,71,53,71.0
112,77.0,220.0,984,1264,1282,1414,2696,2,10,1,3,792,120,184,383970,18,18,18.0
114,61.0,0.0,774,1028,1436,884,2320,2,9,1,1,180,224,0,259500,80,23,80.0
115,34.0,1129.0,419,729,729,729,1458,2,5,1,2,440,0,32,176000,26,26,26.0
117,74.0,0.0,0,1125,1125,0,1125,1,5,0,2,430,80,64,155000,19,18,18.0
118,90.0,0.0,1470,1673,1699,1523,3222,3,11,2,3,594,367,0,320000,35,35,35.0
119,65.0,0.0,0,728,728,728,1456,2,8,1,2,390,0,24,163990,20,19,20.0
121,50.0,0.0,0,732,772,351,1123,1,4,0,1,264,0,0,100000,86,75,46.0
122,75.0,135.0,570,1080,1080,0,1080,1,5,0,1,288,0,0,136000,67,67,67.0
123,55.0,0.0,300,1199,1199,0,1199,2,5,0,2,530,0,63,153900,32,32,32.0
124,48.0,0.0,0,1362,1586,0,1586,2,7,1,2,435,192,0,181000,46,27,46.0
128,69.0,266.0,512,660,660,688,1348,1,6,1,2,453,188,108,155000,59,59,59.0
129,69.0,85.0,567,1008,1053,0,1053,1,6,0,2,750,0,80,150000,67,34,27.0
130,88.0,309.0,445,924,1216,941,2157,2,8,2,2,487,105,66,226000,59,59,59.0
132,75.0,0.0,405,1063,1327,0,1327,1,7,0,2,624,0,0,150750,66,23,51.0
134,78.0,0.0,570,1461,1721,0,1721,2,7,1,2,440,0,96,180000,57,32,57.0
135,80.0,288.0,0,1304,1682,0,1682,2,7,1,2,530,98,0,174000,55,55,55.0
137,82.0,70.0,0,1907,1959,0,1959,3,9,0,3,766,0,0,171000,37,36,36.0
138,73.0,320.0,668,1004,1004,848,1852,2,7,2,3,660,224,106,230000,26,25,26.0
139,65.0,0.0,821,928,928,836,1764,2,7,0,2,470,276,99,231500,28,28,28.0
141,78.0,0.0,1300,1734,1734,0,1734,2,7,0,2,660,160,24,260000,20,20,20.0
142,71.0,0.0,507,910,910,475,1385,2,6,0,2,720,0,0,166000,73,73,25.0
143,78.0,183.0,679,1490,1501,0,1501,2,6,0,2,577,144,29,204000,26,26,26.0
144,70.0,336.0,1332,1728,1728,0,1728,2,10,0,2,504,0,0,125000,62,62,62.0
145,24.0,50.0,0,970,970,739,1709,2,7,0,2,380,0,40,130000,21,19,21.0
146,51.0,0.0,209,715,875,0,875,1,5,0,1,180,48,0,105000,94,32,94.0
150,120.0,0.0,716,969,969,0,969,1,5,0,2,440,0,0,122000,50,50,50.0
151,107.0,436.0,1400,1710,1710,0,1710,2,6,1,3,866,0,102,372402,18,17,18.0
154,84.0,0.0,0,1200,1200,0,1200,1,7,0,1,312,0,0,125000,102,75,102.0
156,60.0,0.0,0,0,1040,0,1040,1,5,0,2,625,0,0,109500,75,75,75.0
157,92.0,84.0,0,774,774,1194,1968,2,8,1,3,680,0,75,269500,16,15,16.0
158,100.0,0.0,222,991,991,956,1947,2,8,1,2,678,0,136,254900,21,20,21.0
159,134.0,456.0,57,1392,1392,1070,2462,2,9,1,2,576,239,132,320000,20,19,19.0
161,110.0,664.0,1016,1572,1572,1096,2668,2,10,2,3,726,400,0,412500,22,21,22.0
162,95.0,226.0,1201,1541,1541,0,1541,2,7,1,2,532,0,70,220000,20,20,20.0
164,40.0,0.0,370,1149,1149,467,1616,2,5,0,1,216,0,0,152000,99,21,99.0
167,86.0,300.0,1288,1582,1610,551,2161,1,8,1,3,789,178,120,325624,18,18,18.0
168,62.0,0.0,0,840,840,880,1720,2,7,1,2,440,100,48,183500,21,21,21.0
171,141.0,112.0,639,1080,1656,0,1656,1,7,2,2,528,210,62,215000,65,65,65.0
172,44.0,0.0,495,1064,1064,703,1767,2,5,1,2,504,441,35,239000,38,38,38.0
173,80.0,491.0,288,1362,1362,0,1362,1,6,1,2,504,0,20,163000,64,64,64.0
174,47.0,132.0,1398,1606,1651,0,1651,2,7,1,2,616,192,0,184000,39,39,39.0
175,84.0,0.0,477,1202,2158,0,2158,2,7,1,2,576,0,29,243000,75,24,75.0
176,97.0,268.0,831,1151,1164,896,2060,2,8,1,2,521,0,228,211000,37,36,37.0
178,63.0,748.0,1904,2216,2234,0,2234,2,9,1,3,1166,0,60,501837,17,16,16.0
179,60.0,0.0,0,968,968,0,968,1,5,0,2,480,0,0,100000,102,19,90.0
181,54.0,0.0,352,793,901,901,1802,1,9,1,1,216,0,0,200100,105,75,105.0
182,60.0,98.0,0,0,1340,0,1340,1,7,1,1,252,116,0,120000,68,19,68.0
183,63.0,0.0,0,1362,1362,720,2082,2,6,0,2,484,280,238,200000,22,22,22.0
184,92.0,0.0,0,504,936,316,1252,1,5,0,2,576,104,0,127000,117,34,39.0
185,90.0,0.0,0,1107,1518,1518,3608,2,12,2,3,840,0,260,475000,133,32,32.0
187,60.0,0.0,0,660,808,704,1656,2,8,0,1,180,0,0,135000,109,38,109.0
188,64.0,275.0,1086,1086,1224,0,1224,0,6,2,2,528,120,0,153337,46,46,46.0
189,41.0,0.0,1153,1593,1593,0,1593,1,5,1,2,682,0,120,286000,24,23,24.0
190,70.0,0.0,297,853,1549,1178,2727,2,10,2,2,440,0,74,315000,93,31,93.0
192,68.0,0.0,560,1431,1431,0,1431,2,6,0,2,666,0,35,192000,26,26,26.0
193,24.0,50.0,0,970,970,739,1709,2,7,0,2,380,0,40,130000,21,21,21.0
194,60.0,0.0,390,864,864,0,864,1,5,0,1,352,0,0,127000,53,53,36.0
195,24.0,0.0,566,855,855,601,1456,2,7,1,2,440,87,0,148500,49,49,49.0
196,79.0,205.0,1126,1726,1726,0,1726,2,8,1,3,786,171,138,311872,18,18,18.0
197,174.0,0.0,1036,1360,1360,1360,3112,2,8,1,2,795,0,16,235000,107,35,107.0
199,76.0,262.0,1088,1713,1713,0,1713,2,7,1,3,856,0,26,274900,21,20,21.0
200,80.0,0.0,0,1121,1121,0,1121,2,5,0,2,440,132,64,140000,22,21,22.0
201,75.0,0.0,641,1196,1279,0,1279,2,6,2,2,473,238,83,171500,48,48,45.0
202,50.0,0.0,617,617,865,445,1310,2,6,0,1,398,0,0,112000,101,75,101.0
204,50.0,0.0,312,720,720,564,1284,1,5,0,1,240,0,35,110000,78,75,77.0
205,99.0,0.0,0,1424,1442,0,1442,2,5,0,2,500,0,34,180500,35,35,35.0
206,40.0,0.0,0,1140,1696,0,1696,1,8,1,1,349,0,30,143900,63,63,63.0
209,75.0,260.0,787,1092,1092,0,1092,1,6,0,2,504,0,0,145000,61,61,61.0
211,83.0,0.0,36,1212,1212,0,1212,2,6,0,2,460,100,22,186000,16,16,16.0
212,72.0,0.0,822,900,932,920,1852,2,7,1,2,644,168,108,252678,16,16,16.0
213,43.0,0.0,716,990,990,0,990,1,5,0,2,576,224,0,156000,30,30,29.0
215,72.0,64.0,360,1070,1236,0,1236,1,6,1,1,447,0,0,134450,68,29,68.0
216,65.0,266.0,946,1436,1436,0,1436,2,8,0,2,484,139,98,210000,21,21,21.0
217,57.0,0.0,0,686,810,518,1328,1,8,0,1,210,0,172,107000,100,75,85.0
219,43.0,16.0,16,1248,1248,0,1248,2,5,0,2,438,108,0,167240,20,19,20.0
220,73.0,0.0,0,1498,1498,0,1498,2,5,0,2,675,351,33,204900,19,19,19.0
222,85.0,0.0,550,713,811,741,1552,2,6,1,2,434,209,208,179900,50,50,50.0
223,70.0,0.0,524,864,864,0,864,1,4,0,2,576,216,0,97000,54,54,36.0
224,103.0,922.0,56,2392,2392,0,2392,2,8,1,3,968,248,105,386250,22,22,22.0
225,21.0,142.0,0,630,630,672,1302,2,6,0,1,280,0,0,112000,54,54,34.0
226,82.0,290.0,565,1203,1214,1306,2520,2,9,1,3,721,224,114,290000,30,30,30.0
227,21.0,127.0,321,483,483,504,987,1,5,0,1,280,0,0,106000,55,55,38.0
228,70.0,0.0,842,912,912,0,912,1,5,1,1,336,0,0,125000,58,58,51.0
229,43.0,16.0,16,1373,1555,0,1555,2,7,1,2,430,143,20,192500,20,19,20.0
230,73.0,220.0,0,1194,1194,0,1194,1,6,0,1,312,0,0,148000,66,66,66.0
231,174.0,506.0,689,1462,1490,1304,2794,2,9,1,3,810,0,146,403000,30,29,30.0
232,21.0,297.0,0,483,483,504,987,1,5,1,1,288,0,0,94500,53,53,53.0
233,75.0,0.0,182,894,894,0,894,1,5,0,1,308,365,0,128200,49,49,49.0
235,21.0,604.0,358,483,483,504,987,1,5,0,1,264,0,0,89500,54,54,54.0
236,65.0,98.0,24,1414,1414,0,1414,2,6,0,2,494,132,105,185500,21,21,21.0
238,93.0,254.0,0,1694,1694,0,1694,2,7,0,3,818,168,228,318000,18,18,18.0
239,52.0,0.0,94,735,798,689,1487,1,7,1,1,220,0,140,113000,80,75,76.0
240,75.0,36.0,1078,1566,1566,0,1566,2,7,0,2,750,144,168,262500,17,17,17.0
242,63.0,0.0,0,540,889,551,1440,1,6,0,1,352,0,0,79000,125,75,85.0
243,75.0,0.0,0,626,626,591,1217,1,6,1,1,288,0,28,120000,45,45,45.0
245,80.0,102.0,929,1845,1872,0,1872,2,6,1,2,604,197,39,241500,37,37,37.0
246,69.0,0.0,0,1020,908,1020,1928,2,9,0,1,440,0,60,137000,115,75,115.0
247,75.0,0.0,0,1367,1375,0,1375,1,5,1,2,451,0,30,140000,71,71,71.0
248,72.0,101.0,0,840,840,828,1668,2,8,0,2,500,144,68,180000,22,22,22.0
251,44.0,481.0,1573,1573,1625,0,1625,2,5,1,2,538,123,0,235000,19,18,19.0
252,65.0,0.0,0,798,798,842,1640,2,6,0,2,520,138,45,173000,21,21,21.0
253,85.0,108.0,270,1302,1302,0,1302,2,7,0,1,309,333,0,158000,61,34,61.0
254,70.0,0.0,922,1314,1314,0,1314,1,5,0,1,294,250,0,145000,68,68,68.0
255,66.0,302.0,0,975,1005,1286,2291,2,8,1,2,429,192,0,230000,26,26,26.0
256,64.0,0.0,503,864,864,864,1728,2,7,0,2,673,216,56,207500,22,22,22.0
257,68.0,180.0,1334,1604,1604,0,1604,2,8,1,2,660,123,110,220000,19,19,19.0
258,80.0,172.0,361,963,963,829,1792,2,7,1,2,564,0,96,231500,24,24,24.0
259,70.0,0.0,0,0,882,0,882,1,4,0,1,308,0,45,97000,69,69,69.0
260,120.0,399.0,672,1362,1382,0,1382,1,6,1,2,884,0,0,176000,63,63,34.0
261,69.0,270.0,0,1482,1482,1092,2574,2,10,1,3,868,0,148,276000,18,18,18.0
262,88.0,46.0,506,506,1212,0,1212,1,6,1,2,492,292,12,151000,48,30,47.0
263,50.0,0.0,234,926,926,0,1316,1,6,0,2,484,0,0,130000,96,24,51.0
264,30.0,0.0,0,680,764,0,764,1,4,0,2,504,0,0,73000,100,21,60.0
265,78.0,210.0,588,1422,1422,0,1422,2,7,1,2,576,276,0,175500,44,44,44.0
266,70.0,0.0,714,802,802,709,1511,2,8,1,2,413,95,75,185000,28,28,28.0
267,60.0,0.0,378,720,1052,720,2192,2,8,1,1,240,262,24,179500,86,28,86.0
268,71.0,0.0,403,740,778,0,778,1,4,1,1,924,0,25,120500,85,70,59.0
270,84.0,0.0,0,1095,1095,844,1939,2,8,1,3,1053,192,51,266000,19,19,19.0
271,73.0,0.0,226,1385,1363,0,1363,1,5,2,2,439,81,0,241500,71,20,71.0
272,92.0,348.0,524,1152,1164,1106,2270,2,9,1,3,671,132,57,290000,26,18,26.0
273,80.0,183.0,620,1240,1632,0,1632,2,6,1,1,338,289,0,139000,67,37,67.0
274,76.0,0.0,546,816,816,0,816,1,5,0,1,264,168,0,124500,43,43,43.0
275,55.0,0.0,0,952,952,596,1548,2,5,0,2,672,74,0,205000,100,18,47.0
276,129.0,0.0,0,1560,1560,0,1560,2,7,0,2,573,100,150,201000,22,22,22.0
277,140.0,0.0,120,864,864,0,864,1,4,0,2,400,0,0,141000,74,74,74.0
278,107.0,315.0,0,2121,2121,0,2121,2,8,1,3,732,124,98,415298,19,18,18.0
279,83.0,299.0,392,1160,1156,866,2022,2,8,1,2,505,288,117,192000,48,48,48.0
280,82.0,340.0,421,807,1175,807,1982,2,7,1,2,575,0,84,228500,36,36,36.0
281,60.0,68.0,905,1262,1262,0,1262,2,5,0,2,572,0,120,185000,19,19,19.0
282,34.0,166.0,904,1314,1314,0,1314,2,6,1,2,626,172,62,207500,18,17,17.0
283,74.0,72.0,0,1468,1468,0,1468,2,6,1,3,898,210,150,244600,17,16,17.0
284,50.0,0.0,430,1575,1575,0,1575,2,5,0,2,529,0,0,179200,33,33,33.0
285,35.0,0.0,0,625,625,625,1250,2,5,0,2,528,0,54,164700,19,18,19.0
286,77.0,0.0,600,912,1085,649,1734,1,7,1,2,440,0,0,159000,63,44,63.0
289,60.0,0.0,0,698,698,698,1396,1,7,0,1,384,0,0,153575,110,22,22.0
290,120.0,0.0,0,1079,1079,840,1919,2,8,1,2,685,0,51,233230,19,19,19.0
292,60.0,0.0,292,768,1148,568,1716,1,8,1,1,281,0,0,131000,76,17,76.0
294,80.0,238.0,1285,1416,1644,0,1644,1,7,2,2,418,110,0,167000,72,72,72.0
295,37.0,0.0,819,1003,1003,0,1003,1,6,0,2,588,120,0,142500,41,41,41.0
296,75.0,0.0,420,910,910,648,1558,1,6,0,1,282,289,0,152000,75,75,75.0
297,66.0,1600.0,649,975,975,975,1950,2,7,1,2,576,0,10,239000,28,27,28.0
298,90.0,365.0,384,702,1041,702,1743,1,7,1,2,539,224,0,175000,57,57,57.0
299,80.0,0.0,0,1092,1152,0,1152,1,6,1,1,300,0,36,158500,75,21,75.0
300,90.0,56.0,841,1165,1336,0,1336,1,5,2,1,375,0,0,157000,72,72,72.0
301,66.0,0.0,281,1028,1210,1242,2452,2,9,1,2,683,208,50,267000,27,26,27.0
302,118.0,150.0,0,1541,1541,0,1541,2,6,1,3,843,468,81,205000,24,23,24.0
303,70.0,0.0,894,894,894,0,894,1,5,0,2,552,256,0,149900,53,53,50.0
304,87.0,0.0,0,1470,1675,1818,3493,3,10,1,3,870,302,0,295000,145,23,22.0
305,80.0,246.0,1464,2000,2000,0,2000,2,8,0,3,888,168,0,305900,21,20,21.0
306,116.0,246.0,700,700,1122,1121,2243,2,8,1,3,746,127,44,225000,35,34,35.0
309,90.0,0.0,1274,1896,1944,0,1944,2,8,3,3,708,208,175,360000,22,21,22.0
311,50.0,0.0,680,972,972,0,972,1,5,1,1,240,0,0,132000,77,23,77.0
312,65.0,0.0,507,793,793,325,1118,1,5,1,2,410,0,0,119900,86,75,86.0
313,150.0,0.0,1236,2136,2036,0,2036,2,8,2,2,513,0,0,375000,60,60,60.0
314,60.0,0.0,16,728,832,809,1641,1,6,1,2,546,0,0,178000,100,35,100.0
315,71.0,0.0,425,716,716,716,1432,2,6,1,2,432,100,51,188500,21,20,21.0
316,94.0,278.0,692,845,1153,1200,2353,2,10,1,2,484,288,195,260000,45,45,42.0
317,75.0,0.0,0,1088,1088,871,1959,2,8,1,3,1025,208,46,270000,19,19,19.0
318,90.0,256.0,987,1347,1372,1274,2646,2,9,1,3,656,340,60,260000,32,32,32.0
320,111.0,370.0,0,1249,1249,1347,2596,3,9,0,3,840,240,154,342643,19,19,19.0
321,99.0,388.0,970,1136,1136,1332,2468,2,10,1,3,872,184,154,354000,21,21,21.0
322,86.0,172.0,28,1502,1553,1177,2730,2,8,1,2,576,201,96,301000,39,38,38.0
323,49.0,0.0,256,1162,1163,0,1163,1,6,0,1,220,142,98,126175,70,20,70.0
324,96.0,300.0,0,710,1898,1080,2978,2,11,1,2,564,240,0,242000,58,18,64.0
325,50.0,0.0,116,720,803,0,803,1,5,0,2,360,0,0,87000,84,75,84.0
326,32.0,0.0,1619,1719,1719,0,1719,1,6,2,2,473,122,30,324000,32,32,32.0
327,80.0,175.0,565,1383,1383,0,1383,1,7,0,1,292,0,45,145250,65,65,65.0
329,60.0,0.0,0,596,596,596,1192,1,6,0,1,189,0,0,78000,105,75,105.0
331,70.0,0.0,846,1056,1056,0,1056,1,6,0,1,308,0,0,139000,67,33,67.0
332,85.0,296.0,1124,3206,1629,0,1629,2,7,1,3,880,0,0,284000,22,21,22.0
333,59.0,146.0,720,1358,1358,0,1358,2,6,1,2,484,192,30,207000,21,21,21.0
334,59.0,0.0,828,943,943,695,1638,2,7,2,2,472,100,38,192000,27,27,27.0
336,86.0,200.0,1249,1922,1922,0,1922,2,8,1,3,676,178,51,377426,20,19,20.0
337,70.0,113.0,810,1536,1536,0,1536,2,7,0,2,532,192,74,214000,23,22,23.0
338,91.0,0.0,213,1208,1621,0,1621,2,8,0,2,440,108,45,202500,41,27,41.0
339,66.0,176.0,585,1215,1215,0,1215,1,6,0,1,297,0,0,155000,67,27,67.0
340,85.0,0.0,0,967,993,915,1908,2,9,0,2,431,135,0,202900,23,23,23.0
341,60.0,0.0,0,721,841,0,841,1,4,0,1,294,250,0,82000,75,75,75.0
343,63.0,616.0,28,1684,1684,0,1684,2,6,1,2,564,495,72,266000,20,20,20.0
344,36.0,0.0,129,536,536,576,1112,1,4,0,1,336,182,0,85000,49,49,49.0
345,65.0,0.0,0,972,972,605,1577,1,6,1,1,312,0,0,140200,86,75,86.0
348,36.0,106.0,573,764,764,862,1626,2,6,0,2,474,0,27,154000,22,21,22.0
349,56.0,870.0,1410,1848,1848,880,2728,2,10,2,3,706,0,0,437154,20,19,19.0
350,68.0,362.0,0,1869,1869,0,1869,2,6,1,2,617,210,54,318061,18,18,18.0
352,60.0,0.0,236,616,616,495,1111,1,5,0,1,200,48,0,95000,84,75,84.0
353,60.0,0.0,0,624,720,0,720,1,5,0,2,484,106,0,105900,97,22,20.0
354,60.0,0.0,388,940,1192,403,1595,1,6,2,1,240,0,0,140000,85,25,85.0
355,105.0,0.0,334,1200,1200,0,1200,2,6,0,2,521,0,26,177500,30,30,30.0
357,44.0,0.0,874,1142,1142,0,1142,1,6,1,2,528,536,90,134000,49,49,49.0
358,92.0,120.0,300,1062,1352,0,1352,1,6,0,1,288,168,0,130000,67,67,67.0
359,78.0,530.0,956,1086,1086,838,1924,2,7,1,2,592,208,75,280000,27,27,27.0
362,64.0,500.0,0,0,495,1427,1922,3,7,1,2,672,0,0,198500,22,22,22.0
363,21.0,510.0,162,483,483,504,987,1,5,0,1,264,250,0,118000,53,18,53.0
365,59.0,0.0,456,672,672,672,1344,1,6,0,1,468,0,128,147000,105,28,61.0
367,101.0,305.0,371,1099,1431,0,1431,1,6,1,1,296,64,110,165000,63,63,63.0
368,78.0,200.0,540,1268,1268,0,1268,1,7,1,1,244,0,98,132000,71,71,71.0
371,80.0,0.0,0,0,1120,468,1588,2,7,1,2,680,0,59,134432,66,66,34.0
372,50.0,0.0,623,744,752,0,752,1,4,0,1,264,353,0,125000,41,41,41.0
373,79.0,0.0,428,608,1319,0,1319,1,5,0,1,270,66,0,123000,72,72,72.0
374,65.0,0.0,0,847,847,1081,1928,2,8,1,2,434,100,48,219500,22,21,22.0
376,57.0,0.0,298,870,914,0,914,1,5,0,2,576,0,0,148000,29,29,27.0
377,102.0,0.0,0,1580,1580,886,2466,3,8,1,2,610,159,214,340000,21,20,21.0
378,88.0,350.0,1445,1856,1856,0,1856,1,8,1,3,834,113,0,394432,15,15,15.0
379,60.0,16.0,0,982,1007,793,1800,2,7,1,2,463,100,63,179000,25,25,25.0
380,50.0,0.0,218,1026,1026,665,1691,2,6,1,1,308,0,0,127000,101,75,101.0
381,60.0,0.0,0,1293,1301,0,1301,2,5,1,2,572,216,121,187750,19,19,19.0
382,79.0,0.0,0,939,939,858,1797,2,8,0,2,639,144,53,213500,19,19,19.0
383,60.0,0.0,0,784,784,0,784,1,5,0,2,360,0,0,76000,97,75,75.0
385,43.0,16.0,24,1256,1269,0,1269,2,6,1,2,430,146,20,192000,21,20,21.0
387,72.0,255.0,631,1041,1125,0,1125,1,6,1,1,352,296,0,125000,49,49,48.0
388,93.0,125.0,0,1468,1479,0,1479,2,6,0,2,577,120,25,191000,26,25,26.0
389,96.0,272.0,1280,1682,1742,590,2332,2,9,1,3,846,196,134,426000,18,17,17.0
390,50.0,0.0,241,861,961,406,1367,1,7,0,1,384,0,130,119000,125,75,47.0
391,71.0,0.0,690,804,804,1157,1961,2,7,1,2,560,125,192,215000,24,23,24.0
394,60.0,0.0,0,735,735,299,1034,1,5,0,1,240,0,39,109000,85,75,85.0
395,68.0,0.0,739,1144,1144,0,1144,1,6,0,1,596,44,0,129000,69,69,69.0
396,60.0,0.0,777,894,894,0,894,1,6,0,2,600,215,0,123000,53,53,40.0
397,69.0,288.0,540,864,876,936,1812,2,8,1,1,264,0,168,169500,63,63,63.0
398,60.0,0.0,0,961,1077,0,1077,1,6,0,1,338,0,0,67000,105,75,105.0
399,65.0,100.0,812,1092,1112,438,1550,2,7,0,2,438,0,168,241000,19,18,18.0
400,38.0,0.0,786,1260,1288,0,1288,1,4,2,2,500,120,30,245500,29,29,29.0
401,65.0,0.0,24,1310,1310,0,1310,2,6,1,2,400,0,0,164990,20,20,20.0
402,60.0,0.0,0,672,672,0,672,1,4,0,1,240,168,0,108000,85,28,85.0
403,93.0,650.0,0,1141,1165,1098,2263,2,10,1,2,420,144,123,258000,27,27,27.0
406,51.0,0.0,0,1064,1166,0,1639,1,6,0,1,240,0,0,115000,89,75,89.0
407,63.0,0.0,0,840,840,840,1680,2,8,0,1,308,0,0,177000,110,49,65.0
408,109.0,350.0,0,1063,1071,1101,2172,2,9,1,3,947,192,62,280000,19,19,19.0
409,85.0,100.0,789,1034,1050,1028,2078,2,8,1,3,836,0,102,339750,18,17,17.0
410,68.0,0.0,0,1276,1276,0,1276,1,5,0,1,350,0,0,60000,67,67,67.0
411,100.0,0.0,1056,1056,1056,0,1056,1,5,0,2,572,264,0,145000,70,70,70.0
413,56.0,0.0,0,1008,1028,0,1028,1,5,1,2,360,0,0,115000,98,75,98.0
414,59.0,0.0,50,1080,1080,1017,2097,2,9,1,3,678,196,187,228000,32,32,32.0
415,73.0,0.0,24,1340,1340,0,1340,2,6,0,2,396,100,30,181134,18,18,18.0
416,74.0,203.0,209,672,672,728,1400,1,6,1,2,440,0,0,149500,47,47,47.0
417,86.0,0.0,1128,1370,1370,1254,2624,2,10,1,3,864,0,0,239000,107,75,107.0
418,60.0,0.0,312,756,756,378,1134,1,7,0,1,240,0,0,126000,85,75,85.0
419,65.0,0.0,775,1056,1056,0,1056,1,6,1,1,304,0,85,142000,57,57,57.0
420,78.0,200.0,1309,1344,1344,0,1344,2,8,0,4,784,0,0,206300,28,27,28.0
422,100.0,0.0,0,988,988,0,988,1,4,0,2,520,0,0,113000,71,71,71.0
423,80.0,473.0,986,1470,1470,1160,2630,2,8,1,3,696,0,66,315000,27,27,27.0
424,72.0,74.0,616,1196,1196,0,1196,1,6,1,1,297,0,44,139000,69,69,69.0
425,60.0,0.0,0,651,707,682,1389,1,6,2,1,240,0,0,135000,79,33,78.0
427,77.0,0.0,288,907,907,0,907,1,5,0,1,352,0,0,109008,68,68,61.0
428,64.0,108.0,664,1208,1208,0,1208,2,6,0,2,628,105,54,195400,18,18,18.0
429,130.0,0.0,1005,1392,1412,0,1412,2,6,1,2,576,0,0,175000,37,37,37.0
430,21.0,232.0,387,483,483,504,987,1,4,0,1,264,0,0,85400,54,54,54.0
432,24.0,376.0,471,765,765,600,1365,1,6,0,2,440,240,36,122500,54,54,54.0
433,100.0,0.0,0,926,926,678,1604,2,7,1,2,470,0,36,181000,28,27,28.0
435,43.0,0.0,385,799,827,834,1661,2,6,1,2,550,158,61,212000,29,29,29.0
436,40.0,0.0,0,648,734,384,1118,1,6,0,2,440,0,0,116000,105,75,35.0
437,50.0,0.0,0,884,904,0,904,1,4,0,1,180,0,0,119000,99,21,99.0
438,40.0,0.0,365,440,694,0,694,1,4,1,1,352,0,0,90350,112,23,35.0
439,67.0,0.0,0,684,684,512,1196,1,7,0,2,528,0,46,110000,105,25,20.0
440,105.0,200.0,1767,3094,2402,0,2402,2,10,2,3,672,0,72,555000,17,17,17.0
442,52.0,0.0,0,1078,1128,445,1573,2,8,1,2,360,0,0,162900,95,33,95.0
443,53.0,72.0,0,1258,1258,0,1258,2,6,1,3,648,144,16,172500,19,18,18.0
444,70.0,0.0,642,915,933,975,1908,2,8,1,2,493,144,133,210000,31,30,31.0
445,73.0,0.0,0,1436,1689,0,1689,1,7,1,2,480,0,0,127500,69,69,69.0
446,137.0,0.0,247,1517,1888,0,1888,2,6,1,2,578,0,0,190000,59,23,59.0
448,50.0,0.0,0,780,780,596,1376,2,7,1,1,198,0,0,119500,88,75,88.0
449,50.0,0.0,331,649,679,504,1183,1,6,0,1,308,0,176,120000,77,23,44.0
450,70.0,0.0,0,813,813,0,813,1,5,0,1,270,0,113,110000,95,20,93.0
451,62.0,0.0,655,1533,1533,0,1533,2,5,2,2,576,200,54,280000,50,50,50.0
453,75.0,0.0,0,768,786,804,1590,2,6,0,2,676,0,30,210000,17,17,17.0
454,63.0,0.0,1606,1728,1728,0,1728,2,8,0,2,560,0,0,188000,49,49,49.0
455,80.0,320.0,916,1242,1242,0,1242,1,6,1,2,528,0,0,175500,52,52,52.0
456,34.0,0.0,0,624,624,720,1344,1,7,0,3,513,0,0,98000,109,75,109.0
460,75.0,110.0,544,832,832,1103,1935,2,8,0,2,552,0,150,263435,16,16,16.0
461,60.0,0.0,350,560,575,560,1135,1,6,0,2,576,256,0,155000,89,18,54.0
462,60.0,0.0,553,864,864,0,864,1,5,1,1,360,0,0,62383,60,60,60.0
463,74.0,0.0,326,715,849,811,1660,1,6,1,1,240,0,0,188700,91,30,86.0
466,85.0,0.0,778,1277,1277,0,1277,1,5,1,2,526,0,0,167000,55,55,55.0
467,79.0,224.0,386,728,888,756,1644,1,7,2,1,312,168,0,146500,83,30,83.0
468,98.0,248.0,0,1626,1634,0,1634,2,7,1,3,866,0,44,250000,19,19,19.0
469,76.0,120.0,426,832,832,878,1710,2,7,0,2,506,144,70,187000,32,32,32.0
471,92.0,0.0,0,808,1161,808,1969,2,8,1,2,534,0,0,190000,48,48,48.0
472,35.0,80.0,459,547,1072,0,1072,1,5,0,2,525,0,28,148000,20,20,20.0
473,110.0,304.0,1350,1976,1976,0,1976,2,7,1,3,908,250,63,440000,19,18,19.0
474,41.0,0.0,1196,1494,1652,0,1652,2,6,0,2,499,96,48,251000,25,25,25.0
475,80.0,0.0,630,970,970,0,970,1,5,0,2,624,0,24,132500,62,62,29.0
476,75.0,215.0,994,1478,1493,0,1493,2,7,1,2,508,140,39,208900,28,27,28.0
477,105.0,772.0,0,2153,2069,574,2643,2,9,1,3,694,414,84,380000,19,19,19.0
478,79.0,336.0,1288,1705,1718,0,1718,2,7,1,3,826,208,44,297000,18,17,18.0
479,50.0,435.0,168,907,1131,0,1131,1,7,0,2,672,0,72,89471,88,25,30.0
480,98.0,378.0,1261,1833,1850,0,1850,2,8,1,3,772,519,112,326000,21,20,21.0
481,72.0,562.0,1567,1792,1792,0,1792,2,6,1,3,874,206,49,374000,22,21,22.0
482,50.0,0.0,299,910,916,910,1826,1,7,1,1,164,0,0,155000,110,20,110.0
483,32.0,116.0,897,1216,1216,0,1216,2,5,0,2,402,0,125,164000,27,27,27.0
485,80.0,0.0,607,1113,1113,0,1113,1,5,1,1,264,0,80,147000,75,18,75.0
486,79.0,168.0,836,1073,1073,0,1073,1,6,0,2,515,0,0,156000,60,60,60.0
487,70.0,0.0,998,1484,1484,0,1484,2,7,1,2,487,224,0,175000,54,54,54.0
488,60.0,0.0,664,954,1766,648,2414,2,10,1,2,520,142,0,160000,125,55,55.0
489,21.0,0.0,515,630,630,0,630,1,3,0,1,286,0,0,86000,55,23,55.0
491,79.0,0.0,403,806,958,620,1578,1,5,2,1,240,0,0,133000,84,75,84.0
492,105.0,0.0,0,728,728,728,1456,2,8,0,2,429,0,0,172785,19,19,19.0
493,70.0,0.0,374,1269,1269,0,1269,1,6,1,1,308,0,0,155000,65,65,61.0
494,50.0,0.0,0,190,886,0,886,1,4,0,1,273,144,20,91300,87,29,87.0
497,60.0,0.0,329,1026,1133,687,1820,2,8,0,1,240,0,100,184000,100,75,100.0
498,65.0,89.0,450,864,899,0,899,1,5,0,1,288,64,0,130000,58,21,58.0
499,70.0,0.0,111,912,912,0,912,1,5,0,1,297,12,285,120000,67,40,67.0
500,21.0,285.0,356,672,672,546,1218,1,7,0,1,264,144,28,113000,52,52,52.0
501,75.0,0.0,400,866,866,902,1768,2,7,0,2,603,0,108,226700,20,20,20.0
502,70.0,0.0,698,1214,1214,0,1214,1,6,0,2,461,0,0,140000,60,60,60.0
503,100.0,0.0,1247,1501,1801,0,1801,2,6,2,2,484,0,54,289000,66,28,66.0
504,24.0,0.0,257,855,855,467,1322,2,6,1,2,440,260,0,147000,51,51,51.0
505,60.0,360.0,0,960,960,1000,1960,2,10,0,2,400,0,0,124500,73,73,73.0
506,80.0,125.0,380,777,1065,846,1911,2,8,1,2,471,182,81,215000,32,31,32.0
507,75.0,0.0,27,1218,1218,0,1218,2,4,0,2,676,0,102,208300,16,16,16.0
508,60.0,0.0,141,689,689,689,1378,2,7,1,2,360,0,0,161000,97,20,97.0
509,80.0,132.0,991,1041,1041,0,1041,1,6,0,1,270,224,88,124500,66,66,66.0
510,75.0,70.0,650,1008,1363,0,1363,1,6,2,1,288,324,42,164900,74,25,74.0
511,40.0,94.0,0,1368,1368,0,1368,2,6,1,2,474,132,35,202665,20,19,20.0
512,70.0,0.0,521,864,864,0,864,1,5,0,2,624,0,0,129900,67,67,61.0
513,71.0,0.0,336,1084,1080,0,1080,1,5,0,2,484,120,0,134000,42,42,42.0
514,55.0,0.0,0,768,789,0,789,1,5,0,1,200,0,0,96500,99,75,99.0
515,94.0,305.0,1436,2006,2020,0,2020,2,9,1,3,900,156,54,402861,16,16,16.0
517,79.0,921.0,0,1264,1277,1067,2344,2,7,1,3,889,220,0,265000,29,28,29.0
519,53.0,0.0,0,1276,1276,804,2080,1,9,2,1,282,0,0,234000,99,21,99.0
521,90.0,0.0,777,1244,1244,0,1244,1,6,2,1,336,0,40,150000,68,68,68.0
522,50.0,0.0,399,1004,1004,660,1664,2,7,2,2,420,0,24,159000,78,75,75.0
523,130.0,762.0,2260,3138,3138,1538,4676,3,11,1,3,884,208,406,184750,18,17,18.0
524,95.0,594.0,719,1379,1383,1015,2398,2,8,1,3,834,239,60,315750,29,28,29.0
525,62.0,0.0,0,1257,1266,0,1266,2,6,1,2,453,38,144,176000,20,20,20.0
526,70.0,0.0,377,928,928,0,928,1,4,0,1,252,261,0,132000,69,25,69.0
527,67.0,268.0,1330,1452,1476,1237,2713,2,11,1,3,858,126,66,446261,17,17,17.0
530,85.0,219.0,783,1461,1509,0,1509,2,5,1,2,600,224,0,175000,37,36,37.0
531,60.0,0.0,0,611,751,611,1362,2,6,0,2,502,0,0,128000,105,26,105.0
532,60.0,0.0,0,0,827,0,827,1,5,1,1,392,0,0,107500,70,18,58.0
534,74.0,0.0,0,707,707,707,1414,2,6,1,2,403,100,35,178000,21,21,21.0
536,57.0,0.0,0,880,880,844,1724,2,8,0,2,527,120,155,188000,27,26,27.0
540,85.0,584.0,1260,1838,1838,0,1838,2,8,1,3,765,270,68,315000,19,19,19.0
542,78.0,0.0,144,1650,1680,0,1680,2,7,1,2,583,78,73,213250,27,26,27.0
543,34.0,182.0,584,723,767,0,767,1,4,0,1,367,120,40,133000,27,27,27.0
544,58.0,0.0,554,654,664,832,1496,2,7,1,2,426,100,24,179665,19,19,19.0
546,70.0,0.0,300,1065,915,720,1635,1,6,1,2,440,0,38,210000,102,75,75.0
547,54.0,0.0,619,768,768,0,768,1,5,0,2,624,104,0,129500,55,55,38.0
548,49.0,0.0,180,825,825,0,825,1,4,0,2,720,140,50,125000,70,30,62.0
549,75.0,0.0,0,912,912,1182,2094,2,8,1,2,615,182,182,263000,22,21,22.0
550,53.0,0.0,559,1069,1069,0,1069,2,4,0,2,440,0,55,140000,48,48,48.0
551,50.0,0.0,308,928,928,0,928,1,5,0,1,288,0,0,112500,68,68,68.0
552,87.0,250.0,0,1709,1717,0,1717,2,7,1,3,908,169,39,255500,19,19,19.0
553,67.0,0.0,0,0,1126,0,1126,2,5,0,2,520,0,96,108000,76,22,23.0
554,85.0,292.0,866,998,1006,1040,2046,2,8,1,3,871,320,62,284000,22,21,22.0
555,58.0,0.0,0,993,1048,0,1048,1,5,1,1,280,0,0,113000,103,75,103.0
556,69.0,0.0,895,1092,1092,0,1092,1,6,1,1,299,268,0,141000,68,68,68.0
557,60.0,0.0,637,637,897,439,1336,1,7,0,1,570,0,47,108000,105,75,31.0
558,57.0,0.0,604,729,729,717,1446,2,6,1,2,406,264,22,175000,29,28,29.0
561,77.0,0.0,1071,1389,1389,0,1389,1,6,1,2,418,240,38,170000,51,50,50.0
563,66.0,0.0,0,1163,1163,511,1674,2,8,1,2,396,72,36,185000,107,75,70.0
565,66.0,0.0,0,806,841,806,1647,1,6,0,1,216,0,66,128000,110,75,105.0
566,77.0,245.0,0,1122,1134,1370,2504,2,11,1,3,656,144,39,325000,20,18,20.0
567,70.0,168.0,2,1517,1535,0,1535,2,7,0,2,532,0,0,214000,21,21,21.0
568,79.0,0.0,1441,1496,1496,636,2132,1,5,1,2,612,349,40,316600,42,16,42.0
570,74.0,108.0,231,1728,1728,0,1728,2,10,0,2,576,0,0,142600,60,60,38.0
571,60.0,207.0,414,864,864,0,864,1,4,0,1,288,168,0,120000,66,66,66.0
572,83.0,0.0,0,846,846,846,1692,2,6,0,2,650,208,114,224500,16,16,16.0
573,76.0,0.0,0,384,774,656,1430,2,8,1,2,400,100,0,170000,25,25,25.0
574,70.0,82.0,349,372,576,533,1109,1,5,0,1,288,35,0,139000,54,20,54.0
575,80.0,0.0,442,832,832,384,1216,1,6,0,1,336,158,0,118500,78,75,78.0
576,52.0,0.0,0,861,877,600,1477,2,6,1,1,216,0,50,145000,97,75,97.0
577,96.0,97.0,328,1164,1320,0,1320,1,6,2,2,564,160,68,164500,59,59,59.0
578,34.0,0.0,0,689,703,689,1392,2,5,0,2,540,0,102,146000,18,18,18.0
579,81.0,335.0,0,1050,1050,745,1795,2,7,0,1,352,0,0,131500,71,71,71.0
581,98.0,306.0,0,2042,2042,0,2042,2,8,1,3,1390,0,90,253293,17,16,16.0
583,75.0,0.0,0,1237,1521,1254,2775,3,9,1,2,880,105,502,325000,132,25,37.0
584,51.0,0.0,0,884,989,584,1573,1,6,0,1,240,0,0,133000,90,30,90.0
585,88.0,208.0,1460,1868,2028,0,2028,2,7,2,3,880,326,66,369900,20,19,20.0
586,55.0,0.0,210,816,838,0,838,1,5,0,1,275,0,0,130000,107,25,64.0
587,74.0,0.0,672,840,860,0,860,1,4,0,2,528,0,0,137000,43,43,29.0
588,65.0,0.0,1324,1437,1473,0,1473,1,5,2,1,452,0,48,143000,57,22,57.0
589,50.0,0.0,0,742,779,0,935,1,4,0,1,308,0,0,79500,95,65,37.0
590,64.0,0.0,490,770,770,812,1582,2,6,0,2,520,0,45,185900,21,21,21.0
591,97.0,420.0,1338,1722,1728,568,2296,2,10,1,3,842,382,274,451950,17,17,17.0
592,60.0,0.0,816,816,816,0,816,1,4,0,2,816,0,0,138000,43,22,40.0
594,88.0,0.0,0,924,924,0,924,1,5,0,1,280,0,0,110000,50,50,44.0
595,69.0,238.0,1422,1814,1826,0,1826,2,7,1,3,758,180,75,319000,20,19,20.0
596,60.0,0.0,0,684,684,684,1368,1,7,0,1,216,0,158,114504,115,32,95.0
597,53.0,72.0,0,1258,1402,0,1402,0,7,1,3,648,120,16,194201,19,18,19.0
598,80.0,459.0,1283,1430,1647,0,1647,2,7,1,2,621,0,0,217500,48,48,48.0
599,24.0,0.0,81,716,716,840,1556,2,6,1,2,452,161,0,151000,45,45,45.0
600,74.0,280.0,546,1058,1058,846,1904,2,8,1,2,736,179,60,275000,20,20,22.0
601,50.0,0.0,0,780,780,595,1375,1,6,1,1,544,0,162,141000,88,75,46.0
602,80.0,0.0,789,908,927,988,1915,2,8,1,2,506,120,150,220000,33,33,33.0
603,30.0,0.0,0,600,600,600,1200,2,4,0,2,480,0,172,151000,21,20,21.0
604,88.0,99.0,922,1494,1494,0,1494,2,6,1,2,530,192,36,221000,23,23,23.0
605,85.0,176.0,454,768,1186,800,1986,2,7,3,2,486,0,42,205000,60,35,60.0
606,82.0,0.0,732,1040,1040,0,1040,1,6,0,2,576,168,0,152000,29,29,25.0
607,78.0,0.0,603,896,1112,896,2008,3,8,0,1,230,103,0,225000,77,23,77.0
608,78.0,0.0,428,965,1940,1254,3194,2,10,2,2,380,0,0,359100,91,27,91.0
609,61.0,192.0,903,1029,1029,0,1029,1,5,0,1,261,64,0,118500,64,64,64.0
615,80.0,156.0,763,936,1054,0,1054,1,6,0,2,480,120,0,137500,62,62,62.0
617,59.0,0.0,0,832,832,0,832,1,4,0,2,528,0,0,105500,71,71,63.0
618,90.0,452.0,48,1822,1828,0,1828,2,9,1,3,774,0,108,314813,18,18,18.0
619,85.0,226.0,871,1482,1482,780,2262,2,10,2,3,749,168,0,305000,22,22,22.0
621,90.0,0.0,956,1522,1548,1066,2614,2,9,1,2,624,38,243,240000,51,28,51.0
622,71.0,153.0,560,980,980,0,980,1,6,0,2,484,192,0,135000,48,48,39.0
624,80.0,288.0,247,732,1012,778,1790,1,8,1,2,484,148,0,165150,53,53,53.0
625,87.0,261.0,0,1116,1116,0,1116,1,5,0,2,440,0,0,160000,63,63,63.0
627,80.0,164.0,674,1156,1520,0,1520,1,7,2,1,364,0,0,153000,70,53,70.0
628,70.0,192.0,650,1040,1040,1040,2080,1,9,2,2,504,335,0,135000,56,56,56.0
629,82.0,259.0,624,1248,1350,0,1350,1,6,0,2,520,176,0,168500,61,61,61.0
630,50.0,0.0,0,636,1089,661,1750,1,8,0,1,240,0,0,124000,145,34,88.0
631,34.0,108.0,24,1554,1554,0,1554,2,6,1,2,627,156,73,209500,19,19,19.0
632,85.0,209.0,822,1386,1411,0,1411,2,6,1,2,544,192,0,82500,48,48,48.0
633,80.0,0.0,480,1056,1056,0,1056,1,6,0,1,260,390,0,139400,71,20,71.0
634,64.0,0.0,1056,1056,1056,0,1056,0,4,0,2,576,264,56,144000,45,45,45.0
637,50.0,0.0,0,811,811,576,1387,2,7,0,1,256,0,0,93000,71,71,71.0
639,53.0,0.0,1154,1520,1567,0,1567,2,7,1,3,648,312,0,264561,19,19,19.0
640,62.0,472.0,1218,1518,1518,0,1518,1,6,1,2,588,185,140,274000,22,21,22.0
642,75.0,0.0,1410,1952,2000,704,2704,2,9,3,2,538,269,111,345000,53,30,53.0
643,80.0,263.0,493,780,780,840,1620,2,7,0,2,462,208,0,152000,56,56,56.0
644,85.0,162.0,1121,1766,1766,0,1766,2,7,1,3,478,195,130,370878,16,16,16.0
646,60.0,0.0,0,0,1048,0,1048,1,7,0,2,420,0,27,98300,75,75,75.0
647,85.0,216.0,500,1094,1094,0,1094,1,5,2,2,495,0,0,155000,72,72,72.0
648,70.0,351.0,0,756,1051,788,1839,1,7,1,2,442,0,124,155000,59,59,59.0
651,60.0,0.0,0,755,755,755,1510,1,7,1,1,296,120,0,108000,85,75,85.0
652,70.0,0.0,0,880,909,807,1716,2,7,1,2,512,0,120,191000,29,29,29.0
653,60.0,0.0,0,756,756,713,1469,1,7,0,1,216,57,0,135000,119,30,119.0
654,91.0,660.0,1696,2109,2113,0,2113,2,7,1,3,839,236,46,350000,30,30,30.0
655,21.0,381.0,0,525,525,567,1092,1,6,0,1,264,0,0,88000,54,54,54.0
656,72.0,54.0,806,1053,1053,0,1053,1,5,0,1,312,0,0,145500,66,19,66.0
657,60.0,0.0,0,776,851,651,1502,1,6,1,1,270,0,0,149000,94,25,94.0
658,78.0,0.0,0,912,912,546,1458,1,6,1,1,330,192,0,97500,77,75,77.0
659,75.0,0.0,637,1486,1486,0,1486,1,7,0,2,480,0,0,167000,61,26,57.0
661,52.0,528.0,1361,1629,1686,762,2448,2,8,1,3,711,517,76,402000,31,20,31.0
662,120.0,216.0,0,1392,1392,0,1392,1,5,2,2,576,0,0,110000,57,57,57.0
663,90.0,0.0,920,1138,1181,0,1181,2,6,0,2,588,0,0,137500,53,53,51.0
664,49.0,0.0,1721,2077,2097,0,2097,1,8,1,3,1134,192,267,423000,20,19,20.0
665,106.0,40.0,0,1406,1454,482,1936,2,7,1,2,504,188,124,230500,25,25,25.0
667,65.0,258.0,1138,1408,1679,0,1679,2,7,1,2,575,224,42,193500,31,27,31.0
669,80.0,0.0,0,700,1180,0,1180,1,5,1,1,252,0,0,137500,103,75,103.0
670,64.0,0.0,193,738,738,738,1476,2,7,0,2,540,100,35,173500,20,20,20.0
671,54.0,0.0,551,672,697,672,1369,2,6,0,1,300,147,0,103600,100,75,95.0
673,110.0,106.0,1186,1477,1839,0,1839,2,7,2,2,416,0,87,257500,68,21,68.0
674,80.0,0.0,892,1136,1136,0,1136,1,5,1,1,384,426,0,140000,60,60,60.0
675,24.0,0.0,311,855,855,586,1441,2,7,1,2,440,28,0,148500,47,47,47.0
676,60.0,0.0,0,1095,1095,679,1774,2,8,0,3,779,0,0,87000,125,75,105.0
677,52.0,0.0,0,768,792,0,792,1,5,0,1,240,316,0,109500,101,19,101.0
678,80.0,464.0,0,2046,2046,0,2046,2,7,1,3,834,322,82,372500,17,17,17.0
680,50.0,0.0,543,923,923,0,923,2,5,1,1,264,80,0,143000,45,45,45.0
681,55.0,0.0,182,793,848,672,1520,1,6,0,1,281,0,0,159434,93,25,57.0
683,90.0,215.0,1059,1626,1668,0,1668,2,7,1,3,702,257,45,285000,23,23,23.0
684,58.0,30.0,0,1195,1195,644,1839,2,7,0,2,486,0,81,221000,27,27,27.0
686,84.0,0.0,0,874,874,887,1761,3,7,0,2,578,144,105,227875,18,18,18.0
688,60.0,0.0,945,1419,1419,0,1419,2,7,1,2,567,140,0,392000,18,18,18.0
689,61.0,256.0,20,1362,1362,0,1362,2,6,1,2,460,192,28,194700,20,19,20.0
691,104.0,1170.0,1455,2444,2444,1872,4316,3,10,2,3,832,382,50,755000,31,30,31.0
692,42.0,293.0,965,1210,1238,1281,2519,2,9,2,2,628,320,27,335000,36,35,36.0
693,60.0,0.0,0,1073,1073,0,1073,1,4,0,1,326,0,0,108480,104,57,57.0
694,51.0,0.0,0,927,1067,472,1539,1,5,0,2,576,112,0,141500,89,75,30.0
695,54.0,72.0,980,1112,1137,0,1137,2,5,1,2,551,125,0,176000,38,38,38.0
696,50.0,0.0,616,616,616,0,616,1,4,0,1,205,0,0,89000,104,75,104.0
697,57.0,0.0,210,980,1148,0,1148,1,6,0,1,308,0,0,123500,73,73,73.0
698,65.0,0.0,553,894,894,0,894,1,5,1,1,336,416,144,138500,60,16,52.0
699,59.0,0.0,16,1391,1391,0,1391,2,5,0,2,530,156,158,196000,21,21,21.0
700,85.0,630.0,1274,1800,1800,0,1800,2,7,1,3,765,270,78,312500,23,23,23.0
701,80.0,168.0,0,1164,1164,0,1164,1,6,0,2,528,0,0,140000,56,56,56.0
702,82.0,466.0,0,1234,1264,1312,2576,2,10,1,3,666,324,100,361919,19,19,19.0
703,76.0,0.0,0,360,1032,780,1812,2,8,1,2,672,344,0,140000,125,29,26.0
704,70.0,109.0,712,1473,1484,0,1484,2,7,0,2,606,0,35,213000,21,20,21.0
707,48.0,176.0,863,1324,1324,0,1324,2,6,1,2,550,192,38,254000,19,19,19.0
708,65.0,0.0,0,728,728,728,1456,2,8,1,2,400,100,24,179540,18,18,18.0
711,66.0,0.0,0,859,859,319,1178,1,7,0,1,384,68,0,102776,125,75,61.0
712,40.0,0.0,767,1228,1228,0,1228,2,5,1,2,472,168,120,189000,37,36,37.0
713,60.0,160.0,789,960,960,0,960,1,6,0,2,576,0,288,129000,55,55,55.0
715,78.0,174.0,0,1064,1350,0,1350,2,7,1,2,478,0,0,165000,51,51,51.0
716,60.0,0.0,0,718,1576,978,2554,1,8,0,2,704,0,48,159500,135,27,29.0
717,80.0,0.0,1084,1176,1178,0,1178,1,5,1,2,439,224,0,157000,52,25,52.0
718,96.0,651.0,1173,1311,1325,1093,2418,2,9,1,3,983,250,154,341000,32,31,32.0
719,69.0,0.0,523,971,971,0,971,1,5,1,1,300,0,0,128500,56,56,56.0
722,70.0,0.0,191,864,864,0,864,1,5,0,2,463,0,0,124500,55,55,31.0
723,60.0,0.0,0,941,997,473,1470,2,7,0,1,548,0,0,135000,71,53,67.0
724,86.0,340.0,1234,1698,1698,0,1698,2,8,1,3,768,327,64,320000,18,17,18.0
725,60.0,0.0,375,864,864,0,864,1,5,0,2,660,96,0,120500,55,55,36.0
727,64.0,82.0,724,1232,1232,0,1232,2,6,0,2,632,132,0,194500,18,18,18.0
728,85.0,95.0,0,1584,1776,0,1776,2,9,0,3,888,0,25,110000,67,67,57.0
729,52.0,0.0,152,780,848,0,1208,1,5,0,2,539,0,23,103000,100,75,63.0
730,39.0,0.0,1180,1595,1616,0,1616,2,5,1,2,608,237,152,236500,30,29,30.0
731,73.0,442.0,786,868,1146,0,1146,2,6,1,2,438,160,22,187500,22,22,22.0
732,75.0,202.0,252,1153,1153,878,2031,2,8,1,2,541,192,84,222500,27,26,27.0
733,80.0,0.0,594,864,1144,0,1144,1,6,1,1,264,165,0,131400,64,42,64.0
735,60.0,0.0,390,880,880,888,1768,1,6,2,2,320,0,341,163000,111,55,111.0
736,60.0,0.0,0,0,1040,0,1040,2,6,0,2,400,0,0,93500,75,75,76.0
737,72.0,0.0,0,893,901,900,1801,2,8,1,3,800,0,116,239900,20,20,20.0
739,65.0,0.0,0,864,864,864,1728,2,7,0,2,572,187,56,190000,21,21,21.0
740,60.0,0.0,0,264,768,664,1432,2,7,0,2,360,270,0,132000,115,23,115.0
741,65.0,0.0,832,912,912,0,912,1,5,0,1,288,168,0,142000,64,29,63.0
742,65.0,108.0,0,1349,1349,0,1349,2,6,0,2,539,120,55,179000,25,24,25.0
743,70.0,0.0,444,520,1464,0,1464,2,6,1,2,480,302,0,175000,62,26,28.0
744,41.0,0.0,733,1337,1337,0,1337,2,5,1,2,462,96,0,180000,32,32,32.0
747,65.0,0.0,0,1240,1320,1320,2640,1,8,1,4,864,181,0,265979,145,22,75.0
748,59.0,338.0,919,1720,1720,0,1720,2,7,1,2,527,240,56,260400,29,29,29.0
749,50.0,0.0,0,0,1088,441,1529,2,9,0,1,240,92,0,98000,80,75,80.0
752,79.0,0.0,1200,1479,1494,0,1494,2,6,0,2,576,168,27,217000,28,28,28.0
753,80.0,178.0,0,1030,1038,1060,2098,2,8,1,3,878,192,52,275500,20,20,20.0
754,61.0,0.0,439,1026,1026,0,1026,1,5,0,2,440,171,48,156000,56,20,56.0
755,34.0,894.0,381,729,742,729,1471,2,6,0,2,440,0,24,172500,26,26,26.0
756,68.0,0.0,20,866,866,902,1768,2,7,0,2,578,144,105,212000,18,18,18.0
758,24.0,360.0,549,744,757,744,1501,2,6,0,2,440,0,0,179400,26,26,26.0
759,65.0,513.0,56,1318,1328,1203,2531,2,9,1,3,752,222,98,290000,30,30,30.0
760,70.0,0.0,612,864,864,0,864,1,5,0,1,300,0,0,127500,66,66,17.0
761,60.0,0.0,405,1145,1301,0,1301,1,5,0,2,440,0,0,100000,101,75,60.0
762,72.0,0.0,24,756,764,783,1547,2,7,0,2,614,169,45,215200,16,16,16.0
763,82.0,673.0,1163,1252,1268,1097,2365,2,8,1,3,856,0,128,337000,26,26,26.0
764,30.0,0.0,437,1494,1494,0,1494,1,6,1,2,481,0,30,270000,30,29,30.0
765,75.0,284.0,0,1498,1506,0,1506,2,6,1,2,592,0,174,264132,17,17,17.0
766,80.0,42.0,394,980,980,734,1714,2,7,1,2,496,228,66,196500,37,37,37.0
767,75.0,0.0,660,983,983,767,1750,2,7,0,1,423,245,0,160000,85,40,36.0
768,70.0,0.0,24,1860,1836,0,1836,2,8,1,2,484,120,33,216837,21,20,21.0
769,47.0,603.0,1416,1650,1690,1589,3279,3,12,1,3,841,503,36,538000,22,22,22.0
771,67.0,0.0,836,836,1220,0,1220,1,6,0,2,396,0,0,102000,74,74,74.0
772,94.0,0.0,422,1029,1117,0,1117,1,6,1,2,672,144,0,107000,49,49,49.0
773,70.0,1.0,456,912,912,0,912,1,5,0,1,275,0,0,114500,67,67,67.0
774,110.0,375.0,0,1935,1973,0,1973,2,9,1,3,895,315,45,395000,19,19,19.0
775,32.0,320.0,866,1204,1204,0,1204,2,5,0,2,412,0,247,162000,27,27,27.0
776,86.0,240.0,20,1614,1614,0,1614,2,7,0,3,865,144,59,221500,20,19,20.0
777,100.0,0.0,762,864,894,0,894,1,5,1,2,440,241,0,142500,51,51,51.0
778,60.0,320.0,0,0,2020,0,2020,2,10,2,2,630,0,0,144000,48,48,48.0
779,78.0,90.0,975,975,1004,0,1004,1,4,0,2,504,0,0,135000,48,48,48.0
780,63.0,38.0,0,1237,1253,0,1253,2,6,1,2,402,220,21,176000,30,29,30.0
781,65.0,0.0,387,761,810,793,1603,2,7,0,2,484,0,124,175900,33,33,33.0
782,67.0,0.0,0,1413,1430,0,1430,2,6,0,2,605,0,33,187100,24,23,24.0
786,60.0,0.0,686,686,966,686,1652,2,7,0,1,416,0,0,139000,110,75,64.0
787,76.0,0.0,656,956,956,1128,2084,2,8,0,2,618,0,45,233000,21,21,21.0
788,50.0,0.0,0,901,901,0,901,1,4,0,1,281,0,0,107900,71,25,71.0
790,43.0,11.0,16,1145,1145,0,1145,2,5,1,2,397,100,16,160200,20,19,20.0
792,92.0,0.0,862,1117,1127,886,2013,2,8,1,2,455,180,130,269790,29,28,28.0
793,76.0,140.0,0,1496,1496,0,1496,2,7,0,2,474,168,130,225000,18,18,18.0
795,70.0,130.0,0,650,888,676,1564,2,7,1,2,476,0,50,171000,45,44,45.0
796,71.0,148.0,0,660,1285,0,1285,1,7,1,2,528,138,0,143500,48,48,48.0
797,57.0,0.0,570,773,773,0,773,1,4,0,1,240,0,0,110000,72,72,72.0
798,104.0,860.0,0,1926,1966,1174,3140,3,11,2,3,820,144,78,485000,17,16,16.0
799,60.0,252.0,569,731,981,787,1768,1,7,2,1,240,0,0,175000,88,75,86.0
800,79.0,0.0,462,616,616,1072,1688,2,8,0,2,603,403,114,200000,28,28,28.0
801,40.0,0.0,197,1196,1196,0,1196,1,5,0,2,440,0,0,109900,109,35,68.0
802,63.0,0.0,648,728,728,728,1456,2,7,1,2,410,36,18,189000,20,20,20.0
803,107.0,424.0,0,1734,1734,1088,2822,3,12,1,3,1020,52,170,582933,17,16,16.0
804,75.0,0.0,812,936,1128,0,1128,1,5,0,1,286,0,0,118000,71,71,71.0
805,91.0,256.0,0,1417,1428,0,1428,2,6,0,2,554,0,60,227680,17,17,17.0
806,75.0,0.0,400,980,980,0,980,2,6,0,1,384,68,0,135500,58,58,58.0
807,144.0,0.0,1309,1324,1072,504,1576,1,6,1,2,528,0,312,223500,102,21,102.0
808,85.0,1047.0,516,1024,1086,0,1086,1,6,1,2,484,0,0,159950,59,59,59.0
809,90.0,0.0,0,849,1075,1063,2138,2,11,0,2,360,40,156,106000,127,60,115.0
810,78.0,99.0,663,1040,1309,0,1309,1,5,1,2,484,265,0,181000,51,26,51.0
812,66.0,0.0,0,540,1044,0,1044,1,4,0,2,504,0,0,55993,73,73,73.0
813,75.0,243.0,608,1442,1442,0,1442,1,7,0,1,301,0,0,157900,67,67,67.0
814,45.0,0.0,0,686,686,564,1250,1,7,0,1,280,207,0,116000,107,75,70.0
815,48.0,442.0,0,1649,1661,0,1661,2,6,0,2,598,0,34,224900,27,27,27.0
818,80.0,80.0,504,1010,1052,0,1052,1,6,0,2,440,0,0,155000,54,54,54.0
819,44.0,128.0,733,1358,1358,0,1358,2,6,1,2,484,192,35,224000,16,15,15.0
820,72.0,0.0,0,798,798,842,1640,2,6,0,2,595,0,45,183000,22,22,22.0
821,60.0,0.0,0,936,936,0,936,1,4,0,2,576,0,32,93000,72,72,51.0
823,60.0,0.0,0,778,944,545,1489,2,7,1,1,240,335,0,139500,85,75,85.0
824,81.0,0.0,0,1489,1489,0,1489,2,7,1,2,776,0,140,232600,19,19,19.0
825,114.0,816.0,1636,2078,2084,0,2084,2,7,1,3,1220,188,45,385000,18,17,18.0
827,65.0,0.0,20,1454,1434,0,1434,2,6,1,2,527,290,39,189000,24,24,24.0
829,24.0,0.0,0,600,520,623,1223,2,4,0,2,480,0,166,147400,20,20,20.0
830,80.0,387.0,1040,1392,1392,0,1392,1,6,2,2,458,0,0,166000,68,68,68.0
831,30.0,0.0,0,600,520,600,1200,2,4,0,2,480,0,166,151000,20,20,20.0
832,44.0,223.0,483,941,941,888,1829,2,7,1,2,613,192,39,237000,22,22,22.0
833,100.0,180.0,196,1516,1516,0,1516,1,6,0,2,472,0,0,167000,61,61,61.0
834,75.0,136.0,572,1144,1144,0,1144,1,6,0,2,456,0,0,139950,64,64,64.0
835,60.0,0.0,442,1067,1067,0,1067,2,4,0,2,436,290,0,128000,75,30,29.0
836,90.0,0.0,338,1559,1559,0,1559,1,5,0,2,812,0,116,153500,77,52,77.0
837,21.0,158.0,330,483,483,504,987,1,5,0,1,264,0,0,100000,52,52,52.0
838,75.0,0.0,0,1099,1099,0,1099,1,6,0,1,352,278,0,144000,30,19,26.0
839,70.0,0.0,352,768,768,432,1200,1,6,0,1,240,0,0,130500,79,30,79.0
841,60.0,0.0,0,650,958,581,1539,2,8,1,2,686,70,78,157500,121,23,42.0
842,82.0,183.0,312,1127,1165,0,1165,1,6,0,2,490,0,129,174900,59,59,59.0
844,100.0,0.0,0,876,876,540,1416,1,7,1,3,720,418,0,153900,110,75,76.0
846,75.0,137.0,513,740,1006,769,1775,2,7,1,2,425,234,72,213000,32,32,32.0
847,36.0,0.0,460,864,864,0,864,1,5,1,1,338,0,0,133500,53,53,53.0
848,75.0,0.0,0,907,1307,1051,2358,3,10,1,2,360,486,40,240000,117,28,117.0
849,80.0,360.0,0,528,1094,761,1855,2,7,1,2,512,113,100,187000,49,31,49.0
850,36.0,170.0,659,848,848,0,848,1,3,0,2,420,140,0,131500,22,22,22.0
852,53.0,0.0,364,918,918,728,1646,2,7,2,1,240,0,0,164000,84,75,84.0
854,102.0,0.0,306,1763,1779,0,1779,1,6,1,2,454,0,418,170000,70,51,70.0
857,65.0,0.0,0,702,702,779,1481,2,6,1,2,343,0,36,174000,31,30,31.0
858,80.0,189.0,0,1090,1370,0,1370,2,6,1,2,479,0,0,152000,49,49,49.0
860,55.0,0.0,0,912,912,514,1426,1,7,1,1,216,0,240,189950,107,27,100.0
861,75.0,0.0,841,1039,1039,0,1039,1,6,0,2,504,0,0,131500,60,60,60.0
862,81.0,0.0,338,1040,1097,0,1097,2,6,0,2,480,0,0,152000,41,40,39.0
863,70.0,0.0,1148,1148,1148,0,1148,1,6,0,1,672,0,0,132500,66,66,66.0
864,72.0,0.0,0,1372,1372,0,1372,2,6,0,2,529,0,140,250580,18,17,17.0
866,67.0,274.0,0,1638,1646,0,1646,2,6,1,3,870,192,80,248900,19,18,18.0
867,85.0,0.0,932,1040,1120,0,1120,1,5,0,2,544,168,0,129000,64,64,64.0
869,80.0,246.0,750,1050,1062,887,1949,2,8,1,2,574,156,90,236000,32,31,32.0
870,60.0,0.0,0,894,894,0,894,1,5,0,1,308,0,0,109500,63,63,63.0
871,70.0,116.0,505,804,804,878,1682,2,7,0,2,523,0,77,200500,27,27,27.0
872,74.0,0.0,0,105,910,0,910,1,5,0,2,414,196,0,116000,72,29,72.0
873,60.0,0.0,375,832,1036,0,1268,1,6,1,1,288,0,28,133000,76,75,76.0
874,52.0,0.0,0,676,676,455,1131,1,5,0,1,200,26,0,66500,84,75,84.0
875,75.0,0.0,64,1184,1184,1426,2610,2,11,1,2,550,208,364,303477,18,18,18.0
876,94.0,0.0,633,1064,1040,0,1040,1,5,0,2,648,0,0,132250,62,62,62.0
877,74.0,216.0,1170,1462,1462,762,2224,2,10,1,3,738,184,0,350000,21,20,21.0
878,88.0,0.0,899,1109,1155,0,1155,1,6,0,2,576,192,0,148000,64,30,38.0
880,60.0,0.0,980,1090,1090,0,1090,1,5,0,2,450,0,49,157000,20,19,20.0
881,44.0,117.0,902,1156,1187,530,1717,2,7,1,2,400,168,36,187500,35,34,35.0
883,60.0,0.0,0,795,954,795,2230,1,10,0,1,440,0,188,118500,113,75,28.0
884,65.0,60.0,432,892,892,0,892,1,5,0,1,288,0,0,100000,58,58,58.0
885,50.0,60.0,1238,1698,1709,0,1709,2,5,1,2,506,97,65,328900,26,25,26.0
886,70.0,122.0,528,1626,1712,0,1712,2,8,0,2,588,272,54,145000,66,20,20.0
887,59.0,0.0,0,816,872,521,1393,1,8,0,1,300,121,0,135500,70,70,70.0
888,95.0,0.0,351,2217,2217,0,2217,2,8,1,2,621,81,207,268000,55,55,55.0
889,128.0,90.0,1024,1505,1505,0,1505,1,6,1,2,505,0,0,149500,72,72,72.0
890,60.0,0.0,0,672,672,252,924,1,6,1,2,576,0,0,122900,76,19,22.0
891,70.0,92.0,226,918,918,765,1683,2,7,1,2,440,243,0,172500,47,47,47.0
892,70.0,0.0,663,1059,1068,0,1068,1,6,0,1,264,192,0,154500,62,22,62.0
894,64.0,0.0,0,0,1535,0,1535,2,8,0,2,400,0,0,118858,46,46,46.0
895,71.0,415.0,400,780,983,813,1796,1,8,1,2,483,0,50,140000,62,62,62.0
896,50.0,0.0,285,951,951,0,951,1,6,0,1,327,0,28,106500,89,75,89.0
897,64.0,0.0,0,0,1120,1120,2240,2,12,0,2,528,154,0,142953,46,46,46.0
898,100.0,760.0,2188,2330,2364,0,2364,2,11,2,3,820,0,67,611657,16,15,16.0
899,65.0,0.0,465,912,1236,0,1236,1,6,1,1,288,0,0,135000,64,31,64.0
901,64.0,0.0,860,992,1306,0,1306,1,5,0,1,756,0,0,153000,68,25,57.0
902,63.0,0.0,0,783,807,702,1509,2,8,1,2,393,0,75,180000,22,22,22.0
903,50.0,27.0,0,1670,1670,0,1670,2,7,1,3,690,144,60,240000,19,19,19.0
905,80.0,110.0,354,1056,1063,0,1063,1,6,0,1,280,0,0,128000,71,71,71.0
906,116.0,208.0,63,1623,1636,0,1636,2,8,1,3,865,0,60,255000,19,19,19.0
907,86.0,0.0,223,1017,1020,1037,2057,1,6,1,1,180,0,0,250000,89,38,89.0
909,149.0,0.0,0,742,742,742,1484,2,8,1,2,390,36,24,174000,20,20,20.0
910,80.0,361.0,443,1105,1105,1169,2274,2,12,0,2,480,0,0,154300,65,65,65.0
912,51.0,0.0,489,768,1015,0,1015,1,6,0,1,450,0,0,88000,100,75,100.0
913,82.0,0.0,284,1001,1001,1001,2002,2,8,0,3,871,0,0,145000,76,75,76.0
914,30.0,76.0,294,612,612,612,1224,2,4,0,2,528,0,234,173733,16,16,16.0
915,21.0,80.0,0,546,546,546,1092,1,6,0,1,286,0,0,75000,55,55,55.0
916,50.0,0.0,50,480,480,0,480,0,4,0,1,308,0,0,35311,76,75,67.0
918,103.0,0.0,48,1104,912,1215,2127,2,8,1,3,833,72,192,238000,34,34,34.0
919,87.0,0.0,528,1184,1414,0,1414,1,6,1,2,601,0,51,176500,67,23,35.0
920,70.0,105.0,814,928,936,785,1721,2,7,0,2,471,300,87,201000,31,31,31.0
922,65.0,0.0,28,1316,1316,0,1316,2,6,1,2,397,100,0,169990,20,19,20.0
923,50.0,0.0,165,1604,1617,0,1617,2,5,1,2,533,0,69,193000,32,31,32.0
924,79.0,157.0,625,1686,1686,0,1686,2,7,1,2,612,384,131,207500,45,45,45.0
926,93.0,340.0,0,1181,1234,1140,2374,2,10,1,3,656,104,100,285000,22,21,22.0
930,73.0,0.0,16,1466,1466,0,1466,2,7,0,3,610,100,18,201000,18,18,18.0
931,70.0,0.0,338,925,925,0,925,1,5,0,1,429,0,0,117500,60,60,60.0
932,84.0,302.0,0,1905,1905,0,1905,2,8,1,3,788,0,191,320000,19,19,19.0
933,63.0,210.0,20,1500,1500,0,1500,2,6,0,2,570,192,36,190000,21,21,21.0
934,313.0,0.0,425,585,2069,0,2069,2,9,1,2,505,0,0,242000,65,18,65.0
935,52.0,108.0,0,600,747,0,747,1,5,0,2,528,0,0,79900,99,72,72.0
937,75.0,0.0,341,1113,1113,858,1971,2,8,1,2,689,0,48,253000,20,20,20.0
938,73.0,0.0,464,1391,1391,571,1962,2,7,0,3,868,0,90,239799,19,19,19.0
940,55.0,0.0,936,1728,1728,0,1728,2,8,0,2,574,40,0,150900,49,49,49.0
943,100.0,0.0,0,1632,1632,0,1632,2,8,0,2,576,0,0,143000,58,58,58.0
945,98.0,0.0,1088,1088,1188,561,1869,1,7,0,2,456,48,0,124900,135,29,62.0
946,70.0,128.0,748,1144,1144,0,1144,1,6,1,1,796,86,0,143000,66,66,66.0
947,85.0,236.0,1300,1616,1629,0,1629,2,9,1,3,808,0,252,270000,23,22,23.0
948,65.0,144.0,0,936,936,840,1776,2,7,1,2,474,144,96,192500,23,23,23.0
949,78.0,0.0,982,1161,1381,0,1381,1,5,1,2,676,0,0,197500,53,19,53.0
950,60.0,0.0,398,864,864,0,864,1,5,0,2,720,194,0,129000,75,23,45.0
951,60.0,0.0,641,828,965,0,965,1,6,0,1,300,421,0,119900,60,60,46.0
952,60.0,0.0,660,768,768,0,768,1,5,0,1,396,192,0,133900,53,22,51.0
955,82.0,423.0,484,979,979,979,1958,2,8,0,2,492,0,0,145000,79,75,79.0
956,24.0,0.0,285,561,561,668,1229,1,5,1,2,462,150,0,124000,45,45,45.0
957,70.0,0.0,417,1057,1057,0,1057,1,6,0,2,576,0,0,132000,63,63,48.0
958,65.0,0.0,699,1337,1337,0,1337,2,6,0,2,531,0,39,185000,22,22,22.0
959,24.0,0.0,604,696,696,720,1416,2,6,0,2,484,0,44,155000,26,26,26.0
962,24.0,0.0,556,804,804,744,1548,2,7,1,2,440,48,0,155000,49,49,49.0
963,122.0,0.0,0,1800,1800,0,1800,2,7,0,2,702,288,136,239000,18,18,18.0
964,80.0,44.0,624,817,824,1070,1894,2,8,1,2,510,0,40,214900,23,22,23.0
965,65.0,0.0,0,783,783,701,1484,2,8,1,2,393,0,72,178900,20,18,20.0
966,130.0,0.0,428,728,976,332,1308,1,7,2,1,256,0,70,160000,85,75,85.0
969,75.0,105.0,513,588,1095,0,1095,1,6,0,1,264,0,0,140000,67,67,67.0
971,36.0,106.0,567,764,764,862,1626,2,6,0,2,474,0,27,173000,22,21,22.0
972,55.0,0.0,0,918,918,0,918,2,5,1,1,264,28,0,99500,46,46,46.0
974,60.0,0.0,0,728,1136,883,2019,1,8,0,2,532,509,135,167500,115,32,28.0
978,68.0,0.0,552,894,894,0,894,1,5,0,2,400,0,0,110000,71,71,26.0
979,80.0,0.0,651,1121,1121,0,1121,1,5,0,2,480,0,80,139000,62,62,62.0
981,98.0,975.0,854,1225,1276,1336,2612,2,8,1,3,676,250,0,336000,27,26,27.0
982,43.0,16.0,0,1266,1266,0,1266,2,6,1,2,388,100,16,159895,18,18,18.0
984,75.0,0.0,0,0,1302,432,1734,2,8,0,2,539,0,0,126000,48,48,48.0
985,68.0,0.0,1040,1164,1164,0,1164,1,5,0,1,240,0,48,125000,75,75,75.0
986,59.0,0.0,0,485,1001,634,1635,1,5,0,1,255,394,0,117000,115,22,75.0
987,83.0,450.0,1646,1930,1940,0,1940,2,8,1,3,606,168,95,395192,16,15,15.0
989,65.0,0.0,0,770,778,798,1576,2,6,0,2,614,0,50,197000,19,19,19.0
990,82.0,423.0,1074,1396,1407,985,2392,2,7,1,3,870,0,70,348000,28,27,28.0
991,121.0,0.0,216,916,916,826,1742,1,8,1,2,424,0,169,168000,143,39,100.0
992,80.0,340.0,536,822,1020,831,1851,2,7,1,2,440,239,42,187000,61,32,61.0
993,68.0,0.0,0,750,750,750,1500,2,6,0,2,564,0,35,173900,20,19,20.0
994,96.0,230.0,1172,1700,1718,0,1718,2,7,1,3,786,216,48,337500,19,18,17.0
995,51.0,0.0,384,747,774,456,1230,1,5,0,1,305,0,57,121600,79,75,79.0
998,60.0,0.0,0,1007,1077,0,1077,1,6,1,1,210,0,100,91000,103,75,103.0
999,64.0,24.0,686,1187,1208,0,1208,2,6,0,2,632,105,61,206000,19,19,19.0
1000,74.0,0.0,0,0,944,0,944,1,4,0,2,528,0,0,82000,73,73,69.0
1001,60.0,0.0,0,691,691,0,691,1,4,0,1,216,0,20,86000,105,75,105.0
1002,75.0,53.0,24,1574,1574,0,1574,2,7,1,3,824,144,104,232000,19,19,19.0
1004,43.0,16.0,16,1346,1504,0,1504,2,7,1,2,457,156,0,181000,20,19,20.0
1005,65.0,220.0,595,985,985,0,985,2,6,0,1,328,210,0,149900,48,48,48.0
1007,21.0,0.0,273,546,546,546,1092,1,6,0,1,286,238,0,88000,55,55,55.0
1008,43.0,108.0,0,1710,1710,0,1710,2,7,1,2,550,100,48,240000,21,20,21.0
1010,115.0,0.0,0,720,720,551,1271,2,7,1,1,312,0,0,135000,77,75,77.0
1012,55.0,0.0,0,602,900,602,1502,1,7,2,1,180,96,0,165000,102,29,102.0
1013,60.0,0.0,247,1022,1022,0,1022,1,4,0,1,280,0,30,85000,115,19,69.0
1014,60.0,206.0,336,1082,1082,0,1082,1,5,1,1,240,0,130,119200,77,75,77.0
1015,70.0,0.0,643,810,810,855,1665,2,6,0,2,528,0,45,227000,24,24,24.0
1016,73.0,196.0,690,1504,1504,0,1504,2,6,1,2,478,115,66,203000,29,29,29.0
1019,43.0,145.0,16,1362,1506,0,1506,2,6,1,2,440,142,20,213490,20,20,20.0
1020,60.0,0.0,1024,1132,1132,0,1132,1,5,0,2,451,252,64,176000,20,20,20.0
1021,64.0,84.0,684,1199,1220,0,1220,2,6,0,2,632,105,54,194000,19,19,19.0
1022,52.0,0.0,324,912,912,336,1248,1,6,0,1,160,0,0,87000,95,75,68.0
1023,43.0,14.0,16,1346,1504,0,1504,2,7,1,2,437,156,20,191000,20,19,20.0
1025,70.0,0.0,138,882,882,0,882,1,5,0,2,461,96,0,112500,53,53,45.0
1026,73.0,324.0,697,1268,1264,0,1264,1,6,2,2,461,0,0,167500,65,65,65.0
1027,71.0,338.0,1513,1638,1646,0,1646,2,7,1,3,800,192,44,293077,18,17,17.0
1028,79.0,0.0,368,768,968,408,1376,1,6,1,1,240,0,0,105000,84,75,84.0
1029,21.0,281.0,317,672,672,546,1218,1,7,0,1,264,0,28,118000,53,53,53.0
1031,102.0,0.0,523,824,1687,998,3082,2,12,2,2,672,136,63,197000,105,55,55.0
1034,50.0,0.0,0,920,954,0,954,1,5,1,1,240,0,0,119750,87,75,87.0
1036,89.0,70.0,1022,1620,1620,0,1620,2,6,1,3,912,228,0,315500,18,17,17.0
1039,21.0,0.0,509,630,630,0,630,1,3,0,1,286,0,0,80000,55,55,55.0
1040,88.0,67.0,168,1134,1803,0,1803,2,8,1,2,484,0,0,155000,68,25,68.0
1042,34.0,135.0,900,1306,1306,0,1306,2,5,1,2,624,170,63,196000,20,20,20.0
1043,86.0,99.0,1085,1475,1532,797,2329,2,10,1,2,514,192,121,262280,35,35,35.0
1044,80.0,0.0,1104,2524,2524,0,2524,2,9,1,2,542,474,120,278000,44,44,44.0
1046,85.0,208.0,240,1992,1992,876,2868,3,11,1,3,716,214,108,556581,20,19,20.0
1047,57.0,0.0,686,990,990,0,990,1,5,0,2,672,0,0,145000,31,30,29.0
1048,100.0,75.0,0,0,1771,0,1771,1,9,1,2,336,0,0,115000,65,19,65.0
1049,60.0,0.0,0,0,930,0,930,1,6,0,1,308,0,0,84900,79,19,79.0
1050,73.0,0.0,0,1302,1302,0,1302,2,6,0,2,436,0,22,176485,18,18,18.0
1051,103.0,0.0,0,1316,1316,0,1316,2,6,1,2,440,0,20,200141,18,18,18.0
1052,100.0,272.0,442,816,1127,850,1977,1,9,1,2,540,0,52,165000,61,47,61.0
1053,68.0,145.0,383,1216,1526,0,1526,1,7,1,1,364,116,78,144500,68,23,68.0
1054,90.0,210.0,932,1065,1091,898,1989,2,7,1,2,586,199,60,255000,23,23,23.0
1055,104.0,160.0,644,1193,1523,0,1523,2,7,1,2,478,0,0,180000,49,49,49.0
1056,43.0,240.0,659,1364,1364,0,1364,2,6,1,2,484,192,36,185850,20,20,20.0
1058,96.0,154.0,936,1104,1130,1054,2184,2,10,1,3,836,0,102,335000,17,17,17.0
1060,41.0,0.0,616,1338,1338,0,1338,2,6,0,2,582,0,0,213500,24,24,24.0
1061,120.0,0.0,0,894,894,0,894,1,6,0,3,1248,0,20,81000,90,75,31.0
1062,85.0,0.0,0,662,1422,915,2337,2,10,0,2,560,0,57,90000,125,75,80.0
1063,50.0,0.0,397,1103,1103,0,1103,1,5,1,2,440,166,120,110500,100,45,49.0
1065,80.0,0.0,1201,1306,1306,954,2260,2,7,0,2,533,296,44,328000,29,28,29.0
1066,59.0,0.0,0,799,799,772,1571,2,7,1,2,380,0,40,178000,32,31,32.0
1067,80.0,360.0,674,780,798,813,1611,1,7,0,2,442,328,128,167900,61,61,61.0
1068,42.0,0.0,837,942,1291,1230,2521,2,10,1,2,576,728,20,151400,52,52,52.0
1069,60.0,0.0,220,845,893,0,893,1,4,0,2,576,0,0,135000,76,22,40.0
1070,72.0,120.0,586,1048,1048,0,1048,1,6,0,1,286,0,20,135000,69,69,69.0
1071,78.0,0.0,298,727,829,727,1556,1,8,0,2,441,0,0,154000,57,57,57.0
1072,50.0,0.0,0,810,1002,454,1456,1,7,1,1,280,0,0,91500,77,75,71.0
1073,75.0,140.0,535,690,698,728,1426,1,6,0,2,440,252,0,159500,48,48,48.0
1074,74.0,0.0,0,1240,1240,0,1240,2,5,0,3,826,140,93,194000,19,19,19.0
1075,75.0,0.0,410,800,960,780,1740,1,6,2,1,240,0,0,219500,85,41,85.0
1076,60.0,0.0,626,796,1096,370,1466,2,7,1,2,566,436,21,170000,89,36,75.0
1078,37.0,169.0,662,848,848,0,848,1,3,1,2,420,140,0,155900,21,21,21.0
1079,65.0,0.0,495,990,990,0,990,1,5,0,1,299,0,64,126000,31,31,29.0
1080,80.0,144.0,656,1258,1258,0,1258,2,5,0,2,528,55,0,145000,54,21,54.0
1081,75.0,0.0,824,1040,1040,0,1040,1,5,0,1,308,0,0,133000,62,62,62.0
1082,70.0,100.0,0,1459,1459,0,1459,2,6,1,2,527,192,39,192000,23,23,23.0
1083,80.0,425.0,553,1251,1251,0,1251,1,6,2,1,461,0,116,160000,61,61,61.0
1085,73.0,0.0,747,936,996,0,996,1,5,0,2,564,120,0,147000,33,33,33.0
1087,85.0,0.0,0,1082,1082,871,1953,2,9,1,3,1043,160,50,252000,20,19,20.0
1088,24.0,50.0,0,970,970,739,1709,2,7,0,2,380,0,40,137500,21,21,21.0
1089,37.0,0.0,1039,1247,1247,0,1247,1,4,1,2,550,0,84,197000,20,20,20.0
1090,60.0,0.0,0,0,1040,0,1040,2,6,0,2,400,0,0,92900,75,75,38.0
1091,24.0,212.0,510,600,624,628,1252,2,4,0,2,462,0,48,160000,26,25,26.0
1092,60.0,0.0,423,1181,1390,304,1694,2,7,1,2,576,342,0,136500,100,75,100.0
1093,71.0,166.0,661,864,1200,0,1200,1,6,0,2,884,0,64,146000,60,27,48.0
1094,74.0,0.0,248,936,936,0,936,1,4,0,1,308,0,0,129000,69,25,69.0
1095,78.0,0.0,24,1314,1314,0,1314,2,6,1,2,440,0,22,176432,19,19,19.0
1098,50.0,0.0,672,672,757,567,1324,1,6,0,1,240,0,0,128000,89,75,89.0
1099,82.0,206.0,704,1271,1601,0,1601,2,7,1,2,478,0,0,157000,47,47,47.0
1100,60.0,0.0,290,290,438,0,438,1,3,0,1,246,0,0,60000,105,75,95.0
1101,61.0,0.0,412,950,950,0,950,1,5,0,1,280,0,0,119500,54,54,44.0
1102,70.0,45.0,588,1010,1134,0,1134,1,6,0,1,254,0,16,135000,65,23,65.0
1103,79.0,0.0,655,655,1194,0,1194,1,6,1,2,539,0,0,159500,66,66,71.0
1104,24.0,304.0,0,630,630,672,1302,2,6,0,2,440,0,0,106000,55,55,55.0
1105,98.0,362.0,1032,1463,1500,1122,2622,2,9,2,2,712,186,32,325000,31,30,31.0
1106,114.0,0.0,738,910,1442,0,1442,2,6,1,2,719,0,244,179900,35,34,35.0
1107,168.0,0.0,0,868,887,1134,2021,2,9,1,2,422,0,100,274725,19,19,19.0
1109,107.0,42.0,1039,1836,1836,0,1836,2,7,1,3,862,125,185,280000,21,20,21.0
1111,80.0,660.0,403,803,1098,866,1964,2,8,1,2,483,0,69,205000,49,49,49.0
1112,73.0,0.0,708,816,816,0,816,1,5,0,1,308,0,0,129900,68,68,68.0
1113,66.0,0.0,643,1008,1008,0,1008,1,6,0,1,240,0,18,134500,72,19,72.0
1114,90.0,0.0,415,833,833,0,833,1,4,0,1,326,0,0,117000,71,25,70.0
1115,93.0,328.0,1004,1734,1734,0,1734,2,7,1,3,928,0,0,318000,18,18,18.0
1117,57.0,0.0,702,894,894,0,894,1,5,0,2,450,0,0,130000,58,22,58.0
1118,85.0,0.0,0,533,1021,580,1601,1,6,0,1,300,280,34,140000,67,38,67.0
1119,70.0,0.0,369,1040,1040,0,1040,1,6,0,1,286,140,0,133700,66,66,66.0
1120,59.0,0.0,0,1012,1012,0,1012,1,6,1,1,308,0,22,118400,105,75,105.0
1121,84.0,196.0,24,1552,1552,0,1552,2,7,0,3,782,144,20,212900,20,19,20.0
1125,60.0,0.0,0,1005,1005,0,1005,1,5,1,2,672,0,0,115000,70,70,48.0
1126,53.0,130.0,0,1373,1555,0,1555,2,7,1,3,660,143,20,174000,18,18,18.0
1127,182.0,0.0,1300,1530,1530,0,1530,2,7,1,3,630,144,36,259000,21,21,21.0
1128,59.0,0.0,0,847,847,1112,1959,2,8,1,2,434,100,48,215000,21,20,21.0
1129,60.0,180.0,936,936,936,0,936,1,4,0,2,672,49,0,140000,45,45,45.0
1130,65.0,0.0,622,1122,1328,653,1981,2,7,2,2,576,431,44,135000,97,75,44.0
1132,90.0,0.0,0,1008,1178,1032,2210,2,8,0,1,205,0,48,117500,145,75,95.0
1133,80.0,0.0,584,1128,1142,878,2020,2,8,1,2,466,0,155,239500,30,30,30.0
1134,57.0,0.0,0,916,916,684,1600,2,7,1,2,460,100,38,169000,28,28,28.0
1135,60.0,0.0,0,960,986,0,986,1,5,1,1,180,0,128,102000,99,75,99.0
1136,80.0,0.0,280,1032,1032,220,1252,1,6,0,1,288,0,0,119000,75,75,75.0
1139,98.0,0.0,645,915,1167,0,1167,1,6,1,2,495,0,0,144000,105,75,53.0
1140,60.0,0.0,852,952,952,0,952,1,4,0,2,840,0,0,139000,74,74,37.0
1142,77.0,340.0,1150,1466,1466,1362,2828,3,11,1,3,1052,125,144,424870,19,18,19.0
1144,60.0,0.0,348,672,672,252,924,1,5,0,1,280,0,0,80000,84,75,84.0
1145,52.0,0.0,0,1042,1042,534,1576,1,8,1,1,225,0,0,149000,97,75,97.0
1147,75.0,0.0,275,704,860,704,1564,1,7,1,1,234,0,0,174500,84,75,84.0
1149,50.0,0.0,624,650,832,650,1482,1,7,0,2,324,0,0,143000,105,37,95.0
1150,57.0,0.0,0,932,932,0,932,1,4,1,1,306,0,0,124000,75,75,75.0
1151,134.0,132.0,176,1466,1466,0,1466,1,6,2,2,528,0,140,149900,66,66,66.0
1152,90.0,0.0,296,1073,1811,0,1811,1,6,1,2,470,0,0,230000,69,21,69.0
1155,90.0,0.0,1157,1437,1437,0,1437,2,6,1,2,528,0,21,218000,49,21,49.0
1156,85.0,0.0,633,1219,1265,0,1265,2,6,1,2,502,0,92,179900,60,26,60.0
1157,34.0,166.0,904,1314,1314,0,1314,2,6,1,2,626,172,62,230000,18,17,17.0
1158,92.0,186.0,0,1580,1580,0,1580,2,7,0,3,830,0,24,235128,18,17,17.0
1159,76.0,270.0,442,901,943,933,1876,2,8,1,2,540,0,69,185000,51,51,51.0
1160,24.0,0.0,311,855,855,601,1456,2,7,1,2,440,26,0,146000,47,47,47.0
1162,109.0,0.0,492,894,894,0,894,1,5,1,2,450,0,0,129000,57,57,57.0
1163,60.0,0.0,1198,1198,1258,0,1258,0,6,0,2,400,120,0,108959,56,56,56.0
1165,79.0,268.0,0,1502,1502,0,1502,2,7,0,2,644,0,114,233170,16,16,16.0
1166,64.0,72.0,0,1694,1694,0,1694,2,7,0,3,776,160,33,245350,17,17,17.0
1167,58.0,0.0,786,959,959,712,1671,2,7,1,2,472,0,38,173000,25,25,25.0
1168,120.0,0.0,626,1127,1236,872,2108,2,7,2,2,540,0,0,235000,90,39,90.0
1169,118.0,1378.0,1387,1930,1831,1796,3627,3,10,1,3,807,361,76,625000,30,29,30.0
1170,76.0,0.0,522,1096,1118,0,1118,1,6,1,1,358,203,0,171000,48,48,48.0
1171,76.0,0.0,662,1261,1261,0,1261,1,6,1,2,433,0,0,163000,67,67,67.0
1172,35.0,0.0,0,625,625,625,1250,2,5,0,2,625,0,54,171900,19,18,19.0
1174,80.0,0.0,503,952,1170,1175,2345,2,9,1,2,360,0,0,239000,93,75,93.0
1175,85.0,337.0,700,1683,2129,743,2872,2,9,1,2,541,0,33,285000,33,25,33.0
1176,37.0,0.0,658,876,923,0,923,1,5,0,1,264,362,0,119500,41,40,41.0
1178,54.0,0.0,0,731,820,523,1343,1,7,1,1,186,192,0,154900,104,75,104.0
1181,64.0,186.0,1480,1600,1652,0,1652,2,5,1,2,482,162,53,392500,17,17,17.0
1182,160.0,0.0,2096,2396,2411,2065,4476,3,10,2,3,813,171,78,745000,29,29,29.0
1183,60.0,0.0,821,1120,1130,0,1130,1,5,1,2,720,229,0,120000,105,75,55.0
1184,50.0,226.0,1159,1572,1572,0,1572,1,5,2,3,995,0,263,186700,62,62,62.0
1185,60.0,0.0,392,784,949,272,1221,1,7,0,1,392,0,0,104900,101,75,60.0
1186,107.0,0.0,440,978,1014,685,1699,2,7,0,2,420,0,74,95000,125,55,105.0
1187,89.0,0.0,1456,1624,1624,0,1624,2,5,1,3,757,0,114,262000,31,30,31.0
1188,68.0,95.0,0,831,831,829,1660,2,7,0,2,493,144,68,195000,23,23,23.0
1189,60.0,0.0,0,994,1028,776,1804,2,7,1,2,442,140,60,189000,26,26,26.0
1191,24.0,456.0,0,776,764,677,1441,2,5,0,2,492,206,0,174000,26,25,26.0
1192,60.0,0.0,0,702,842,630,1472,1,6,0,1,250,0,0,125000,100,31,100.0
1194,80.0,143.0,371,663,663,689,1352,1,7,0,1,299,379,36,158000,56,56,56.0
1195,51.0,0.0,0,728,728,728,1456,2,8,0,2,400,100,24,176000,20,20,20.0
1196,58.0,0.0,0,879,879,984,1863,2,9,1,3,660,100,17,219210,19,19,19.0
1197,65.0,0.0,0,815,815,875,1690,1,7,1,1,225,0,0,144000,109,75,109.0
1198,70.0,0.0,0,1212,1212,0,1212,2,6,0,2,573,356,0,178000,24,24,24.0
1199,75.0,51.0,547,1051,1382,0,1382,1,6,1,2,459,0,82,148000,62,46,51.0
1200,71.0,0.0,0,864,864,0,864,1,5,0,1,280,0,0,116050,55,55,53.0
1201,80.0,0.0,0,866,866,913,1779,2,6,0,2,546,198,36,197900,27,27,27.0
1202,50.0,0.0,0,884,884,464,1348,1,5,1,1,216,0,0,117000,100,28,65.0
1203,75.0,171.0,0,1630,1630,0,1630,2,6,1,2,451,74,234,213000,25,24,25.0
1204,78.0,0.0,788,1056,1074,0,1074,1,6,0,2,495,0,88,153500,50,50,50.0
1205,90.0,234.0,485,2158,2196,0,2196,2,7,1,3,701,84,70,271900,35,34,35.0
1207,70.0,120.0,340,1682,1700,0,1700,2,7,0,2,544,192,23,200000,22,22,22.0
1208,70.0,0.0,504,931,1283,0,1283,1,6,0,2,506,0,0,140000,63,45,45.0
1209,85.0,420.0,1220,1660,1660,0,1660,2,8,1,2,500,322,50,290000,19,19,19.0
1210,70.0,0.0,0,1055,1055,790,1845,2,8,1,2,462,635,104,189000,33,33,33.0
1211,152.0,0.0,427,559,1080,672,1752,2,8,0,2,492,325,12,164000,37,20,37.0
1212,50.0,0.0,344,672,672,0,672,1,4,0,1,234,0,113,113000,84,75,84.0
1214,69.0,0.0,784,925,999,0,999,1,6,0,1,300,150,72,134500,63,63,63.0
1215,99.0,0.0,180,894,894,0,894,1,5,0,1,384,0,0,125000,59,59,59.0
1216,68.0,0.0,0,0,1318,584,1902,2,8,0,2,539,0,0,112000,47,47,47.0
1217,72.0,72.0,936,1300,1314,0,1314,2,6,0,2,552,135,112,229456,16,16,16.0
1220,66.0,0.0,312,912,912,0,912,1,5,0,1,288,0,0,115000,61,61,61.0
1221,55.0,0.0,250,952,1211,0,1211,1,5,1,1,322,0,63,134000,57,57,57.0
1222,78.0,320.0,196,1040,1168,678,1846,2,7,1,1,315,0,0,143000,76,75,76.0
1223,89.0,44.0,756,2136,2136,0,2136,2,7,0,2,528,0,30,137900,74,74,74.0
1224,60.0,0.0,724,788,788,702,1490,2,8,1,2,388,100,75,184000,21,20,21.0
1225,65.0,63.0,507,588,1138,0,1138,1,6,0,1,264,224,0,145000,67,67,67.0
1226,86.0,74.0,0,894,894,1039,1933,2,9,1,3,668,100,18,214000,18,18,18.0
1227,72.0,300.0,595,912,912,0,912,1,5,0,2,576,0,240,147000,60,17,33.0
1228,65.0,766.0,1540,1702,1702,0,1702,1,7,1,3,1052,0,72,367294,17,17,17.0
1229,70.0,0.0,666,1075,1507,0,1507,2,7,0,1,404,0,0,127000,65,65,65.0
1231,70.0,120.0,803,1106,1190,0,1190,1,6,0,2,540,0,18,132500,63,63,63.0
1232,70.0,0.0,0,0,1224,0,1224,2,6,0,2,462,0,0,101800,63,63,63.0
1235,96.0,0.0,0,747,892,892,1784,1,9,0,1,180,203,40,138887,111,75,111.0
1236,36.0,106.0,0,764,764,862,1626,2,6,0,2,474,0,27,175500,22,22,22.0
1237,41.0,0.0,0,847,847,1101,1948,2,8,1,2,434,100,48,195000,21,20,21.0
1238,63.0,0.0,0,1141,1141,0,1141,1,6,0,2,484,0,0,142500,20,20,20.0
1239,64.0,32.0,428,1476,1484,0,1484,2,6,1,2,472,120,33,265900,19,19,19.0
1240,65.0,252.0,550,884,884,884,1768,2,8,0,2,543,0,63,224900,22,22,22.0
1241,83.0,0.0,0,1689,1689,0,1689,2,7,0,3,954,0,56,248328,18,18,18.0
1242,85.0,81.0,885,1053,1173,0,1173,2,6,2,2,528,0,120,170000,51,51,51.0
1245,78.0,74.0,0,585,1140,728,1868,3,7,1,2,477,268,112,178000,41,22,41.0
1246,65.0,0.0,0,756,756,797,1553,2,6,0,2,615,0,45,186500,20,19,20.0
1248,60.0,0.0,319,735,1134,924,2058,1,8,1,2,396,0,0,129500,108,75,75.0
1249,60.0,0.0,534,876,988,0,988,1,6,0,1,276,0,80,119000,75,75,75.0
1250,93.0,0.0,1065,2110,2110,0,2110,2,8,2,2,522,0,0,244000,57,57,57.0
1252,62.0,0.0,510,864,874,0,874,1,5,0,1,288,33,0,130000,57,57,57.0
1254,60.0,92.0,0,746,760,896,1656,2,7,1,2,397,178,128,165400,22,21,22.0
1255,52.0,0.0,425,884,959,408,1367,1,6,1,1,560,0,0,127500,94,75,47.0
1256,91.0,554.0,1314,1986,1987,0,1987,2,7,1,2,691,262,36,301500,31,31,31.0
1258,59.0,182.0,655,856,1166,0,1166,2,5,0,2,400,212,0,190000,20,20,20.0
1259,65.0,0.0,602,1054,1054,0,1054,1,6,0,2,460,180,0,151000,56,56,56.0
1261,80.0,0.0,504,1050,1050,0,1050,1,5,0,1,338,0,0,128900,69,69,69.0
1263,60.0,0.0,0,764,1060,764,1824,1,8,1,2,520,0,0,180500,106,75,85.0
1264,34.0,0.0,266,1405,1337,0,1337,2,5,0,2,511,144,68,181000,27,26,27.0
1265,35.0,218.0,450,691,713,739,1452,2,6,0,2,506,0,34,183900,26,26,26.0
1266,60.0,0.0,0,925,964,925,1889,1,9,1,1,308,0,0,122000,115,75,65.0
1267,89.0,0.0,0,2002,2018,0,2018,2,10,1,3,746,144,76,378500,17,16,16.0
1269,78.0,180.0,460,874,874,650,1524,1,7,0,1,315,0,0,144000,67,67,67.0
1273,124.0,84.0,719,1019,1357,0,1357,1,5,1,1,312,0,0,177000,66,19,66.0
1274,53.0,0.0,0,661,661,589,1250,2,8,1,2,552,242,0,139000,115,22,40.0
1275,95.0,567.0,220,928,928,992,1920,2,10,0,2,400,0,0,137000,77,75,77.0
1279,60.0,0.0,0,698,698,430,1128,1,6,0,2,528,30,0,68400,105,75,45.0
1280,67.0,110.0,788,1573,1573,0,1573,2,6,0,2,544,0,72,227000,23,23,23.0
1281,50.0,54.0,1053,1309,1339,0,1339,2,6,1,2,484,0,58,180000,35,35,35.0
1282,61.0,0.0,532,1040,1040,0,1040,2,5,0,2,484,0,0,150500,48,17,48.0
1284,50.0,0.0,0,804,1699,748,2447,2,10,1,1,336,272,0,169000,106,35,56.0
1285,50.0,0.0,0,780,825,587,1412,1,6,1,1,280,45,0,132500,86,75,86.0
1288,40.0,0.0,1158,1501,1659,0,1659,2,5,1,2,499,212,59,278000,25,25,25.0
1289,86.0,788.0,0,1085,1120,850,1970,2,8,1,3,753,177,74,281000,19,19,19.0
1291,21.0,268.0,231,630,630,672,1302,2,6,0,1,264,185,0,119500,53,53,53.0
1292,60.0,0.0,0,994,1378,994,2372,2,11,0,1,432,0,287,107500,133,60,40.0
1293,78.0,0.0,194,832,832,832,1664,2,8,1,2,528,0,28,162900,49,49,49.0
1294,60.0,0.0,167,864,864,0,864,1,5,0,2,572,0,0,115000,70,35,68.0
1295,70.0,168.0,1016,1052,1052,0,1052,1,5,0,1,288,356,0,138500,57,57,57.0
1296,80.0,148.0,776,1120,1128,0,1128,2,6,0,2,525,192,20,155000,62,62,62.0
1297,35.0,82.0,547,547,1072,0,1072,2,5,0,2,525,0,44,140000,20,19,20.0
1298,313.0,796.0,5644,6110,4692,950,5642,2,12,3,2,1418,214,292,160000,17,17,17.0
1299,75.0,0.0,340,1246,1246,0,1246,1,6,0,1,305,218,0,154000,66,31,66.0
1302,92.0,391.0,740,1165,1203,1323,2526,2,8,1,3,844,309,78,290000,31,31,31.0
1303,73.0,228.0,0,1616,1616,0,1616,2,7,0,3,834,208,59,232000,20,20,20.0
1304,32.0,117.0,0,976,976,732,1708,2,7,0,2,380,0,40,130000,21,21,21.0
1305,108.0,300.0,1572,1652,1652,0,1652,2,6,2,2,840,404,102,325000,19,18,19.0
1306,48.0,94.0,0,1368,1368,0,1368,2,6,1,2,474,132,35,202500,20,19,20.0
1307,60.0,0.0,746,990,990,0,990,1,5,0,2,480,0,64,138000,31,30,25.0
1308,100.0,0.0,144,924,1122,0,1122,1,6,0,2,528,0,36,147000,77,20,77.0
1310,100.0,0.0,1406,1902,1902,0,1902,2,7,2,2,567,0,207,335000,66,23,66.0
1311,68.0,80.0,925,1274,1274,0,1274,2,6,0,2,508,264,98,203000,20,18,20.0
1313,108.0,165.0,0,1393,1422,1177,2599,2,10,1,3,779,668,30,333168,26,26,26.0
1314,60.0,0.0,732,948,948,0,948,1,5,1,1,280,0,36,119000,71,71,69.0
1315,85.0,0.0,500,952,1092,1020,2112,2,9,2,2,576,280,0,206900,56,56,56.0
1316,61.0,270.0,0,1622,1630,0,1630,2,8,1,3,860,172,42,295493,17,17,17.0
1317,47.0,0.0,0,1352,1352,0,1352,2,5,1,2,466,0,241,208900,19,18,19.0
1319,75.0,132.0,492,864,948,0,948,1,5,0,1,248,0,0,111000,71,71,71.0
1320,70.0,0.0,189,1478,1478,0,1478,1,6,2,2,442,114,0,156500,68,68,68.0
1322,107.0,0.0,674,750,1061,862,1923,2,8,1,2,564,240,39,190000,33,33,33.0
1324,75.0,428.0,0,1795,1795,0,1795,2,7,1,3,895,0,49,147000,19,18,18.0
1327,60.0,0.0,641,816,816,0,816,1,5,1,1,264,0,0,130500,43,17,43.0
1328,60.0,0.0,493,1510,1584,1208,2792,2,8,2,2,520,0,547,256000,105,75,105.0
1329,63.0,0.0,0,935,955,677,1632,2,8,1,2,462,0,28,176500,27,27,27.0
1330,85.0,410.0,0,1588,1588,0,1588,2,7,1,3,825,144,45,227000,19,19,19.0
1331,55.0,0.0,483,911,954,0,954,1,6,0,2,576,0,0,132500,49,49,49.0
1332,67.0,0.0,690,816,816,0,816,1,3,1,1,288,0,0,100000,87,67,67.0
1333,60.0,0.0,0,803,803,557,1360,1,6,0,1,297,0,65,125500,87,30,74.0
1334,24.0,312.0,765,765,765,600,1365,1,7,0,2,440,0,36,125000,55,55,55.0
1335,80.0,360.0,686,1350,1334,0,1334,2,6,1,2,630,0,16,167900,48,48,48.0
1336,87.0,564.0,0,1656,1656,0,1656,2,8,0,2,506,0,211,135000,52,52,52.0
1338,95.0,0.0,700,916,920,941,1861,2,8,0,2,492,146,91,200000,23,23,23.0
1339,120.0,0.0,360,864,864,0,864,1,5,0,1,288,0,0,128500,53,53,53.0
1340,70.0,0.0,0,858,872,0,872,1,5,0,4,480,0,0,123000,54,54,51.0
1341,66.0,0.0,814,1114,1114,0,1114,1,6,0,2,576,0,78,155000,22,21,21.0
1343,57.0,0.0,0,896,1172,741,1913,1,9,1,2,342,0,0,177000,97,75,96.0
1344,85.0,0.0,0,728,728,728,1456,2,8,1,2,440,0,0,155835,19,19,19.0
1345,50.0,0.0,250,960,960,0,960,1,5,0,1,308,0,0,108500,105,75,28.0
1347,93.0,100.0,80,1732,1776,0,1776,2,7,1,3,712,0,0,283463,19,18,19.0
1350,91.0,368.0,500,1248,1338,1296,2634,2,12,0,4,968,0,0,200000,56,56,56.0
1351,70.0,318.0,319,858,858,858,1716,1,8,1,2,490,0,84,171000,63,63,63.0
1352,50.0,0.0,0,698,786,390,1176,1,4,0,2,624,210,0,134900,88,25,26.0
1353,56.0,579.0,816,2033,2053,1185,3238,2,9,1,3,666,283,86,410000,30,29,29.0
1355,102.0,143.0,0,570,1222,698,1920,3,8,1,2,487,0,98,170000,57,33,57.0
1359,129.0,66.0,1447,1980,1980,0,1980,2,8,1,3,770,194,45,315000,21,20,21.0
1360,51.0,0.0,0,612,990,1611,2601,3,8,0,2,621,183,0,189000,104,27,27.0
1361,124.0,16.0,1274,1530,1530,0,1530,2,7,1,2,430,168,36,260000,20,20,20.0
1363,73.0,0.0,0,616,616,796,1412,2,6,1,2,432,0,36,156932,19,18,18.0
1364,30.0,0.0,0,600,520,600,1200,2,4,0,2,480,0,166,144152,20,20,20.0
1366,68.0,158.0,633,873,882,908,1790,2,7,0,2,588,0,88,193000,26,26,26.0
1367,41.0,0.0,548,757,925,550,1475,2,6,1,1,336,104,26,127000,48,48,48.0
1369,48.0,171.0,370,1657,1668,0,1668,2,8,1,2,502,0,262,232000,22,22,22.0
1370,90.0,0.0,315,840,840,534,1374,1,6,0,1,338,0,0,105000,105,75,58.0
1371,80.0,0.0,831,992,1661,0,1661,1,8,1,1,377,0,28,165500,70,29,70.0
1372,75.0,0.0,975,1108,1108,989,2097,2,8,1,2,583,253,170,274300,27,27,27.0
1374,85.0,0.0,0,1026,1026,932,1958,2,9,1,3,936,154,210,250000,20,20,20.0
1375,89.0,80.0,0,1571,1571,0,1571,2,7,1,3,722,100,36,239000,18,18,18.0
1376,52.0,0.0,384,768,790,0,790,1,4,0,1,160,0,141,91000,95,75,100.0
1377,60.0,0.0,408,984,984,620,1604,2,6,0,2,660,0,68,117000,84,65,48.0
1378,21.0,408.0,309,483,483,504,987,1,5,0,1,264,72,0,83000,52,52,52.0
1379,73.0,0.0,0,384,754,640,1394,2,7,0,2,400,100,0,167500,19,18,18.0
1380,45.0,0.0,203,864,864,0,864,1,5,0,1,200,0,0,58500,111,75,87.0
1382,60.0,0.0,0,596,998,764,1762,1,8,0,2,576,36,0,157000,105,75,36.0
1384,60.0,0.0,204,560,698,560,1258,1,6,0,1,280,0,0,105000,86,75,86.0
1385,40.0,0.0,735,796,796,358,1154,1,7,0,1,240,0,96,125500,103,18,103.0
1386,80.0,184.0,790,1392,1392,1392,2784,3,12,2,2,564,0,112,250000,47,47,47.0
1387,60.0,0.0,168,714,1664,862,2526,2,10,1,1,216,88,15,136000,109,75,109.0
1388,42.0,160.0,1320,1746,1746,0,1746,2,7,2,3,758,201,39,377500,19,18,19.0
1389,60.0,0.0,375,735,869,349,1218,1,6,1,2,440,0,0,131000,84,75,22.0
1390,70.0,244.0,1400,1525,1525,0,1525,2,6,0,2,541,219,36,235000,25,25,25.0
1391,65.0,0.0,0,1584,1584,0,1584,2,8,0,3,792,0,152,124000,58,58,58.0
1392,68.0,0.0,769,864,900,0,900,1,6,1,1,288,175,144,123000,58,58,58.0
1393,60.0,0.0,0,482,1221,691,1912,2,7,1,2,672,0,25,163000,120,25,22.0
1394,53.0,45.0,1070,1356,1500,0,1500,2,6,1,3,648,161,20,246578,19,19,19.0
1395,88.0,245.0,0,1094,1133,1349,2482,2,9,1,3,642,144,39,281213,20,19,20.0
1397,51.0,0.0,0,939,939,574,1513,1,8,0,1,180,24,0,137500,105,21,92.0
1398,60.0,0.0,180,1208,1136,768,1904,1,7,0,1,240,0,0,138000,75,43,75.0
1399,51.0,0.0,264,976,1160,448,1608,2,7,1,1,216,147,16,137450,100,35,100.0
1400,50.0,0.0,0,862,950,208,1158,1,5,1,1,208,0,0,120000,96,75,96.0
1401,62.0,0.0,759,839,864,729,1593,2,8,1,2,398,100,75,193000,21,21,21.0
1402,64.0,0.0,0,1286,1294,0,1294,2,6,1,2,662,168,55,193879,19,19,19.0
1403,49.0,84.0,929,1485,1464,0,1464,2,6,0,3,754,168,160,282922,18,18,18.0
1404,60.0,0.0,0,672,694,520,1214,1,6,0,3,936,216,0,105000,110,75,27.0
1405,44.0,174.0,1373,1594,1646,0,1646,2,5,1,2,482,128,53,275000,21,20,21.0
1406,70.0,0.0,656,768,768,0,768,1,5,0,2,396,58,0,133000,53,18,37.0
1408,60.0,0.0,0,622,741,622,1363,1,6,0,2,528,0,0,125500,115,75,59.0
1409,46.0,123.0,0,791,1236,857,2093,2,7,1,2,542,364,63,215000,39,34,39.0
1410,79.0,0.0,666,944,944,896,1840,2,6,0,2,622,0,45,230000,24,24,24.0
1411,80.0,0.0,120,856,1112,556,1668,1,6,0,1,271,0,0,140000,75,20,75.0
1412,60.0,0.0,0,0,1040,0,1040,2,6,0,2,420,0,0,90000,76,75,69.0
1413,88.0,366.0,976,1844,1844,0,1844,2,7,1,2,620,165,44,257000,20,19,20.0
1414,64.0,0.0,0,833,1053,795,1848,1,8,1,2,370,0,0,207000,102,25,103.0
1415,51.0,130.0,988,1386,1569,0,1569,2,7,1,3,660,143,20,175900,18,18,18.0
1416,60.0,0.0,0,777,1246,1044,2290,2,11,0,2,560,0,0,122500,140,75,54.0
1418,71.0,0.0,25,1144,1144,0,1144,1,6,0,1,336,0,88,124000,62,62,63.0
1420,90.0,420.0,404,708,708,708,1416,2,7,1,2,776,0,169,179900,57,57,57.0
1421,53.0,0.0,360,1069,1069,0,1069,2,4,1,2,440,0,55,127500,48,48,48.0
1422,37.0,170.0,686,848,848,0,848,1,3,0,2,420,140,0,136500,22,22,22.0
1425,80.0,243.0,0,1252,1252,0,1252,1,7,0,2,528,0,39,142000,66,66,65.0
1426,81.0,448.0,1000,1223,1223,904,2127,2,5,2,2,525,171,132,271000,31,31,31.0
1427,60.0,0.0,580,913,1048,510,1558,1,6,1,1,288,0,0,140000,80,75,63.0
1428,60.0,294.0,510,788,804,0,804,1,4,2,1,240,0,0,119000,85,33,85.0
1430,60.0,0.0,0,732,734,1104,1838,2,7,1,2,372,100,40,192140,20,20,20.0
1432,60.0,0.0,0,656,968,0,968,2,5,0,1,216,0,0,64500,98,18,97.0
1433,93.0,318.0,0,936,962,830,1792,2,8,1,2,451,0,0,186500,25,25,25.0
1434,80.0,0.0,936,1126,1126,0,1126,2,5,1,2,484,295,41,160000,48,48,48.0
1435,80.0,237.0,0,1319,1537,0,1537,1,7,1,2,462,0,36,174000,63,20,63.0
1436,60.0,0.0,616,864,864,0,864,1,5,0,2,528,0,0,120500,54,54,51.0
1437,96.0,426.0,1336,1932,1932,0,1932,2,7,1,3,774,0,66,394617,17,17,17.0
1438,90.0,0.0,600,912,1236,0,1236,1,6,0,2,923,0,158,149700,68,29,68.0
1439,80.0,96.0,315,539,1040,685,1725,2,6,1,2,550,0,88,197000,46,46,46.0
1440,79.0,0.0,0,588,1423,748,2555,2,11,1,2,672,431,0,191000,103,31,32.0
1442,85.0,160.0,765,1017,1026,981,2007,2,10,1,3,812,168,52,310000,17,17,17.0
1444,63.0,106.0,0,1422,1422,0,1422,2,7,0,2,626,192,60,179600,21,21,21.0
1445,70.0,0.0,187,814,913,0,913,1,6,0,1,240,0,0,129000,59,59,35.0
1447,80.0,438.0,1079,1220,1220,870,2090,2,8,1,2,556,0,65,240000,30,29,30.0
1448,70.0,0.0,0,560,796,550,1346,1,6,0,1,384,168,24,112000,115,25,75.0
1451,78.0,194.0,0,1573,1578,0,1578,2,7,1,3,840,0,36,287090,17,16,17.0
1452,35.0,80.0,547,547,1072,0,1072,1,5,0,2,525,0,28,145000,20,20,20.0
1454,62.0,0.0,410,1221,1221,0,1221,2,6,0,2,400,0,113,185000,21,20,21.0
1455,62.0,0.0,0,953,953,694,1647,2,7,1,2,460,0,40,175000,26,25,26.0
1456,85.0,119.0,790,1542,2073,0,2073,2,7,2,2,500,349,0,210000,47,37,47.0
1457,66.0,0.0,275,1152,1188,1152,2340,2,9,2,1,252,0,60,266500,84,19,84.0
1458,68.0,0.0,49,1078,1078,0,1078,1,5,0,1,240,366,0,142125,75,29,75.0
1459,75.0,0.0,830,1256,1256,0,1256,1,6,0,1,276,736,68,147500,60,60,60.0
